gs://m-lab/ndt/2017/01/01/20170101T000000Z-mlab1-acc02-ndt-0000.tgz,20170101T00:00:49.296742000Z_170.150.77.230.s2c_ndttrace,0,0,a-->b,1,0.000000,0.072727,8,8,0,6,0,1,0.140625,6,1.000000,6,0.421875,6,0.421875
gs://m-lab/ndt/2017/01/01/20170101T000000Z-mlab1-acc02-ndt-0000.tgz,9,55,9,55,9,55,50689.862739,-1.000000,-1,0.265625,50689.862739,6,1.000000
gs://m-lab/ndt/2017/01/01/20170101T000000Z-mlab1-acc02-ndt-0000.tgz,20170101T00:02:54.257140000Z_45.56.98.222.s2c_ndttrace,0,0,b-->a,1,0.068966,0.142857,7,7,0,6,2,5,0.125000,5,0.968750,5,0.765625,5,0.765625
gs://m-lab/ndt/2017/01/01/20170101T000000Z-mlab1-acc02-ndt-0000.tgz,29,35,29,35,29,35,28634.377136,-1.000000,-1,0.453125,28634.377136,5,0.968750
gs://m-lab/ndt/2017/01/01/20170101T000000Z-mlab1-acc02-ndt-0000.tgz,
gs://m-lab/ndt/2017/01/01/20170101T000000Z-mlab1-acc02-ndt-0000.tgz,20170101T00:12:54.282359000Z_45.56.98.222.s2c_ndttrace,0,0,b-->a,1,0.200000,0.142857,10,10,0,6,2,4,0.148649,4,0.972973,4,0.648649,4,0.648649
gs://m-lab/ndt/2017/01/01/20170101T000000Z-mlab1-acc02-ndt-0000.tgz,25,49,25,49,25,49,49442.211656,-1.000000,-1,0.391892,45018.900087,4,0.972973
gs://m-lab/ndt/2017/01/01/20170101T000000Z-mlab1-acc02-ndt-0000.tgz,20170101T00:13:21.615807000Z_170.150.77.230.s2c_ndttrace,0,0,a-->b,1,-1.000000,-1.000000,-1,-1,0,3,2,3,0.017738,3,0.984479,3,0.090909,3,0.073171
gs://m-lab/ndt/2017/01/01/20170101T000000Z-mlab1-acc02-ndt-0000.tgz,20,431,20,431,20,431,452151.525406,-1.000000,-1,0.037694,452146.936826,3,0.984479
gs://m-lab/ndt/2017/01/01/20170101T000000Z-mlab1-acc02-ndt-0000.tgz,
gs://m-lab/ndt/2017/01/01/20170101T000000Z-mlab1-acc02-ndt-0000.tgz,20170101T00:22:54.374345000Z_45.56.98.222.s2c_ndttrace,0,0,b-->a,1,0.047619,0.181818,5,5,0,6,2,5,0.139535,5,0.930233,5,0.744186,5,0.744186
gs://m-lab/ndt/2017/01/01/20170101T000000Z-mlab1-acc02-ndt-0000.tgz,21,22,21,22,21,22,19464.978424,-1.000000,-1,0.418605,19464.878215,5,0.930233
gs://m-lab/ndt/2017/01/01/20170101T000000Z-mlab1-acc02-ndt-0000.tgz,
gs://m-lab/ndt/2017/01/01/20170101T000000Z-mlab1-acc02-ndt-0000.tgz,20170101T00:26:15.709664000Z_170.150.77.230.s2c_ndttrace,0,0,a-->b,0,0.000000,0.015873,7,7,0,0,0,1,0.108108,6,0.986486,6,0.351351,6,0.351351
gs://m-lab/ndt/2017/01/01/20170101T000000Z-mlab1-acc02-ndt-0000.tgz,11,63,11,63,11,63,54465.191533,-1.000000,-1,0.202703,54465.191533,6,0.986486
gs://m-lab/ndt/2017/01/01/20170101T000000Z-mlab1-acc02-ndt-0000.tgz,20170101T00:32:54.262535000Z_45.56.98.222.s2c_ndttrace,0,0,b-->a,1,0.033333,0.074074,4,4,0,6,2,5,0.087719,5,0.947368,5,0.789474,5,0.789474
gs://m-lab/ndt/2017/01/01/20170101T000000Z-mlab1-acc02-ndt-0000.tgz,30,27,30,27,30,27,27544.963331,-1.000000,-1,0.491228,23679.287787,5,0.947368
gs://m-lab/ndt/2017/01/01/20170101T000000Z-mlab1-acc02-ndt-0000.tgz,
gs://m-lab/ndt/2017/01/01/20170101T000000Z-mlab1-acc02-ndt-0000.tgz,
gs://m-lab/ndt/2017/01/01/20170101T000000Z-mlab1-acc02-ndt-0000.tgz,20170101T00:41:26.44623000Z_179.108.186.32.s2c_ndttrace,0,0,a-->b,1,-1.000000,-1.000000,4,4,0,4,0,1,0.028902,0,0.994220,0,0.104046,4,0.092486
gs://m-lab/ndt/2017/01/01/20170101T000000Z-mlab1-acc02-ndt-0000.tgz,7,166,7,166,7,166,166444.120113,-1.000000,-1,0.052023,166444.120113,0,0.994220
gs://m-lab/ndt/2017/01/01/20170101T000000Z-mlab1-acc02-ndt-0000.tgz,20170101T00:42:54.434166000Z_45.56.98.222.s2c_ndttrace,0,0,b-->a,1,0.190476,0.171429,6,6,0,6,2,5,0.125000,5,1.000000,5,0.714286,5,0.714286
gs://m-lab/ndt/2017/01/01/20170101T000000Z-mlab1-acc02-ndt-0000.tgz,21,35,21,35,21,35,32824.663415,-1.000000,-1,0.446429,32824.663415,5,1.000000
gs://m-lab/ndt/2017/01/01/20170101T000000Z-mlab1-acc02-ndt-0000.tgz,20170101T00:52:54.286015000Z_45.56.98.222.s2c_ndttrace,0,0,b-->a,1,0.080000,0.125000,6,6,0,6,2,5,0.142857,5,0.897959,5,0.734694,5,0.734694
gs://m-lab/ndt/2017/01/01/20170101T000000Z-mlab1-acc02-ndt-0000.tgz,25,24,25,24,25,24,21836.239168,-1.000000,-1,0.408163,21836.185738,5,0.897959
gs://m-lab/ndt/2017/01/01/20170101T000000Z-mlab1-acc02-ndt-0000.tgz,20170101T00:55:10.505086000Z_170.150.77.230.s2c_ndttrace,0,0,a-->b,1,0.000000,0.000000,2,2,0,0,0,1,0.025210,0,0.991597,0,0.084034,0,0.075630
gs://m-lab/ndt/2017/01/01/20170101T000000Z-mlab1-acc02-ndt-0000.tgz,4,115,4,115,4,115,97069.053846,-1.000000,-1,0.042017,97069.053846,0,0.991597
gs://m-lab/ndt/2017/01/01/20170101T000000Z-mlab1-acc02-ndt-0000.tgz,20170101T01:02:54.258146000Z_45.56.98.222.s2c_ndttrace,0,0,b-->a,1,0.029412,0.057143,5,5,0,6,2,4,0.086957,4,0.927536,4,0.724638,4,0.724638
gs://m-lab/ndt/2017/01/01/20170101T000000Z-mlab1-acc02-ndt-0000.tgz,34,35,34,35,34,35,23923.063572,-1.000000,-1,0.449275,23923.050643,4,0.927536
gs://m-lab/ndt/2017/01/01/20170101T000000Z-mlab1-acc02-ndt-0000.tgz,20170101T01:11:11.522620000Z_187.78.47.213.s2c_ndttrace,0,0,a-->b,1,-1.000000,-1.000000,-1,-1,0,3,2,3,0.014890,3,1.000000,3,0.108934,3,0.085423
gs://m-lab/ndt/2017/01/01/20170101T000000Z-mlab1-acc02-ndt-0000.tgz,24,1252,24,1252,24,1252,1731537.186550,-1.000000,-1,0.030564,1731537.186550,3,1.000000
gs://m-lab/ndt/2017/01/01/20170101T000000Z-mlab1-acc02-ndt-0000.tgz,20170101T01:12:53.259098000Z_45.56.98.222.s2c_ndttrace,0,0,b-->a,1,-1.000000,-1.000000,2,2,0,4,0,1,0.088235,4,0.852941,4,0.529412,4,0.500000
gs://m-lab/ndt/2017/01/01/20170101T000000Z-mlab1-acc02-ndt-0000.tgz,14,20,14,20,14,20,13891.118033,-1.000000,-1,0.323529,11109.685839,4,0.852941
gs://m-lab/ndt/2017/01/01/20170101T000000Z-mlab1-acc02-ndt-0000.tgz,20170101T01:22:53.297890000Z_45.56.98.222.s2c_ndttrace,0,0,b-->a,1,-1.000000,-1.000000,3,3,0,4,2,4,0.085106,4,0.914894,4,0.617021,4,0.617021
gs://m-lab/ndt/2017/01/01/20170101T000000Z-mlab1-acc02-ndt-0000.tgz,21,26,21,26,21,26,14556.871369,-1.000000,-1,0.382979,14556.860629,4,0.914894
gs://m-lab/ndt/2017/01/01/20170101T000000Z-mlab1-acc02-ndt-0000.tgz,20170101T01:32:53.347151000Z_45.56.98.222.s2c_ndttrace,0,0,a-->b,1,0.117647,0.175000,10,10,0,6,2,5,0.148649,5,0.945946,5,0.756757,5,0.756757
gs://m-lab/ndt/2017/01/01/20170101T000000Z-mlab1-acc02-ndt-0000.tgz,34,40,34,40,34,40,35768.667656,-1.000000,-1,0.432432,35768.631854,5,0.945946
gs://m-lab/ndt/2017/01/01/20170101T000000Z-mlab1-acc02-ndt-0000.tgz,20170101T01:34:22.267366000Z_41.82.151.81.s2c_ndttrace,0,0,a-->b,1,-1.000000,-1.000000,6,6,0,4,0,1,0.079545,5,0.988636,5,0.284091,5,0.284091
gs://m-lab/ndt/2017/01/01/20170101T000000Z-mlab1-acc02-ndt-0000.tgz,11,77,11,77,11,77,71502.844217,-1.000000,-1,0.170455,71502.844217,5,0.988636
gs://m-lab/ndt/2017/01/01/20170101T000000Z-mlab1-acc02-ndt-0000.tgz,
gs://m-lab/ndt/2017/01/01/20170101T000000Z-mlab1-acc02-ndt-0000.tgz,20170101T01:42:53.466382000Z_45.56.98.222.s2c_ndttrace,0,0,b-->a,1,-1.000000,-1.000000,3,3,0,4,2,4,0.105263,4,0.868421,4,0.605263,4,0.605263
gs://m-lab/ndt/2017/01/01/20170101T000000Z-mlab1-acc02-ndt-0000.tgz,18,20,18,20,18,20,14403.902774,-1.000000,-1,0.368421,12375.263079,4,0.868421
gs://m-lab/ndt/2017/01/01/20170101T000000Z-mlab1-acc02-ndt-0000.tgz,20170101T01:52:53.312359000Z_45.56.98.222.s2c_ndttrace,0,0,b-->a,1,0.076923,0.142857,7,7,0,6,2,5,0.131148,5,0.934426,5,0.672131,5,0.672131
gs://m-lab/ndt/2017/01/01/20170101T000000Z-mlab1-acc02-ndt-0000.tgz,26,35,26,35,26,35,27237.875326,-1.000000,-1,0.393443,27237.728180,5,0.934426
gs://m-lab/ndt/2017/01/01/20170101T000000Z-mlab1-acc02-ndt-0000.tgz,20170101T02:02:53.239679000Z_45.56.98.222.s2c_ndttrace,0,0,b-->a,1,0.062500,0.156250,7,7,0,6,2,5,0.125000,5,0.953125,5,0.796875,5,0.796875
gs://m-lab/ndt/2017/01/01/20170101T000000Z-mlab1-acc02-ndt-0000.tgz,32,32,32,32,32,32,27983.915715,-1.000000,-1,0.468750,27983.867423,5,0.953125
gs://m-lab/ndt/2017/01/01/20170101T000000Z-mlab1-acc02-ndt-0000.tgz,20170101T02:12:53.388299000Z_45.56.98.222.s2c_ndttrace,0,0,b-->a,1,0.103448,0.150000,6,6,0,6,2,5,0.101449,5,0.927536,5,0.608696,5,0.608696
gs://m-lab/ndt/2017/01/01/20170101T000000Z-mlab1-acc02-ndt-0000.tgz,29,40,29,40,29,40,25584.921538,-1.000000,-1,0.347826,25584.789264,5,0.927536
gs://m-lab/ndt/2017/01/01/20170101T000000Z-mlab1-acc02-ndt-0000.tgz,
gs://m-lab/ndt/2017/01/01/20170101T000000Z-mlab1-acc02-ndt-0000.tgz,20170101T02:22:53.283173000Z_45.56.98.222.s2c_ndttrace,0,0,b-->a,1,0.045455,0.060606,3,3,0,6,2,5,0.072727,5,0.890909,5,0.509091,5,0.509091
gs://m-lab/ndt/2017/01/01/20170101T000000Z-mlab1-acc02-ndt-0000.tgz,22,33,22,33,22,33,26347.308488,-1.000000,-1,0.309091,25686.364851,5,0.890909
gs://m-lab/ndt/2017/01/01/20170101T000000Z-mlab1-acc02-ndt-0000.tgz,20170101T02:28:10.717404000Z_170.150.77.230.s2c_ndttrace,0,0,a-->b,1,-1.000000,-1.000000,-1,-1,0,3,0,3,0.008392,3,0.994406,3,0.061538,3,0.047552
gs://m-lab/ndt/2017/01/01/20170101T000000Z-mlab1-acc02-ndt-0000.tgz,14,701,14,701,14,701,696178.259411,-1.000000,-1,0.015385,696172.308664,3,0.994406
gs://m-lab/ndt/2017/01/01/20170101T000000Z-mlab1-acc02-ndt-0000.tgz,20170101T02:32:53.300875000Z_45.56.98.222.s2c_ndttrace,0,0,b-->a,1,0.194444,0.127660,11,11,0,6,2,5,0.144578,5,1.000000,5,0.831325,5,0.831325
gs://m-lab/ndt/2017/01/01/20170101T000000Z-mlab1-acc02-ndt-0000.tgz,36,47,36,47,36,47,33654.523319,-1.000000,-1,0.518072,33654.523319,5,1.000000
gs://m-lab/ndt/2017/01/01/20170101T000000Z-mlab1-acc02-ndt-0000.tgz,
gs://m-lab/ndt/2017/01/01/20170101T000000Z-mlab1-acc02-ndt-0000.tgz,
gs://m-lab/ndt/2017/01/01/20170101T000000Z-mlab1-acc02-ndt-0000.tgz,20170101T02:42:53.366403000Z_45.56.98.222.s2c_ndttrace,0,0,b-->a,1,-1.000000,-1.000000,4,4,0,4,2,4,0.121951,4,1.000000,4,0.756098,4,0.756098
gs://m-lab/ndt/2017/01/01/20170101T000000Z-mlab1-acc02-ndt-0000.tgz,18,23,18,23,18,23,19186.299903,-1.000000,-1,0.439024,19186.180556,4,1.000000
gs://m-lab/ndt/2017/01/01/20170101T000000Z-mlab1-acc02-ndt-0000.tgz,20170101T02:52:53.391168000Z_45.56.98.222.s2c_ndttrace,0,0,b-->a,1,-1.000000,-1.000000,5,5,0,4,2,4,0.120000,4,0.920000,4,0.600000,4,0.600000
gs://m-lab/ndt/2017/01/01/20170101T000000Z-mlab1-acc02-ndt-0000.tgz,20,30,20,30,20,30,22812.889798,-1.000000,-1,0.360000,22812.889798,4,0.920000
gs://m-lab/ndt/2017/01/01/20170101T000000Z-mlab1-acc02-ndt-0000.tgz,20170101T03:02:53.277629000Z_45.56.98.222.s2c_ndttrace,0,0,b-->a,1,0.142857,0.200000,9,9,0,6,2,4,0.147059,4,0.955882,4,0.705882,4,0.705882
gs://m-lab/ndt/2017/01/01/20170101T000000Z-mlab1-acc02-ndt-0000.tgz,28,40,28,40,28,40,33838.748432,-1.000000,-1,0.411765,33838.748432,4,0.955882
gs://m-lab/ndt/2017/01/01/20170101T000000Z-mlab1-acc02-ndt-0000.tgz,20170101T03:12:53.270072000Z_45.56.98.222.s2c_ndttrace,0,0,b-->a,1,-1.000000,-1.000000,2,2,0,4,0,1,0.088235,4,0.852941,4,0.529412,4,0.500000
gs://m-lab/ndt/2017/01/01/20170101T000000Z-mlab1-acc02-ndt-0000.tgz,14,20,14,20,14,20,13871.941765,-1.000000,-1,0.323529,11097.705562,4,0.852941
gs://m-lab/ndt/2017/01/01/20170101T000000Z-mlab1-acc02-ndt-0000.tgz,20170101T03:22:53.245804000Z_45.56.98.222.s2c_ndttrace,0,0,b-->a,1,-1.000000,-1.000000,4,4,0,4,2,4,0.098039,4,0.921569,4,0.647059,4,0.647059
gs://m-lab/ndt/2017/01/01/20170101T000000Z-mlab1-acc02-ndt-0000.tgz,23,28,23,28,23,28,19179.718603,-1.000000,-1,0.392157,19179.718603,4,0.921569
gs://m-lab/ndt/2017/01/01/20170101T000000Z-mlab1-acc02-ndt-0000.tgz,20170101T03:32:53.355810000Z_45.56.98.222.s2c_ndttrace,0,0,b-->a,1,0.076923,0.088235,5,5,0,6,2,5,0.082192,5,0.945205,5,0.794521,5,0.794521
gs://m-lab/ndt/2017/01/01/20170101T000000Z-mlab1-acc02-ndt-0000.tgz,39,34,39,34,39,34,27180.679684,-1.000000,-1,0.493151,22680.274452,5,0.945205
gs://m-lab/ndt/2017/01/01/20170101T000000Z-mlab1-acc02-ndt-0000.tgz,
gs://m-lab/ndt/2017/01/01/20170101T000000Z-mlab1-acc02-ndt-0000.tgz,20170101T03:42:53.429157000Z_45.56.98.222.s2c_ndttrace,0,0,b-->a,1,-1.000000,-1.000000,2,2,0,4,2,4,0.085714,4,0.885714,4,0.571429,4,0.542857
gs://m-lab/ndt/2017/01/01/20170101T000000Z-mlab1-acc02-ndt-0000.tgz,15,20,15,20,15,20,11974.484789,-1.000000,-1,0.342857,10306.782272,4,0.885714
gs://m-lab/ndt/2017/01/01/20170101T000000Z-mlab1-acc02-ndt-0000.tgz,20170101T03:44:34.75375000Z_177.128.192.22.s2c_ndttrace,0,0,a-->b,1,0.000000,0.010582,2,2,0,0,0,1,0.014851,6,0.955446,6,0.079208,6,0.069307
gs://m-lab/ndt/2017/01/01/20170101T000000Z-mlab1-acc02-ndt-0000.tgz,13,189,13,189,13,189,200282.704623,-1.000000,-1,0.024752,177909.692139,6,0.955446
gs://m-lab/ndt/2017/01/01/20170101T000000Z-mlab1-acc02-ndt-0000.tgz,20170101T03:47:16.316005000Z_41.189.162.2.s2c_ndttrace,0,0,a-->b,1,0.000000,0.000000,4,4,0,0,0,1,0.208333,0,1.000000,0,0.666667,0,0.666667
gs://m-lab/ndt/2017/01/01/20170101T000000Z-mlab1-acc02-ndt-0000.tgz,7,17,7,17,7,17,13171.116185,-1.000000,-1,0.416667,13171.116185,0,1.000000
gs://m-lab/ndt/2017/01/01/20170101T000000Z-mlab1-acc02-ndt-0000.tgz,20170101T03:49:03.583522000Z_41.189.162.2.s2c_ndttrace,0,0,a-->b,1,0.000000,0.032258,7,7,0,6,0,1,0.109589,5,1.000000,5,0.397260,5,0.397260
gs://m-lab/ndt/2017/01/01/20170101T000000Z-mlab1-acc02-ndt-0000.tgz,11,62,11,62,11,62,61208.433079,-1.000000,-1,0.287671,61208.433079,5,1.000000
gs://m-lab/ndt/2017/01/01/20170101T000000Z-mlab1-acc02-ndt-0000.tgz,20170101T03:50:48.432782000Z_41.189.162.2.s2c_ndttrace,0,0,a-->b,1,-1.000000,-1.000000,-1,-1,0,3,0,3,0.014778,3,1.000000,3,0.049261,3,0.049261
gs://m-lab/ndt/2017/01/01/20170101T000000Z-mlab1-acc02-ndt-0000.tgz,2,201,2,201,2,201,265988.462254,-1.000000,-1,0.024631,265988.462254,3,1.000000
gs://m-lab/ndt/2017/01/01/20170101T000000Z-mlab1-acc02-ndt-0000.tgz,20170101T03:52:53.293333000Z_45.56.98.222.s2c_ndttrace,0,0,b-->a,1,0.103448,0.139535,8,8,0,6,2,5,0.125000,5,0.958333,5,0.666667,5,0.666667
gs://m-lab/ndt/2017/01/01/20170101T000000Z-mlab1-acc02-ndt-0000.tgz,29,43,29,43,29,43,38046.300375,-1.000000,-1,0.388889,32737.943796,5,0.958333
gs://m-lab/ndt/2017/01/01/20170101T000000Z-mlab1-acc02-ndt-0000.tgz,20170101T04:02:53.436071000Z_45.56.98.222.s2c_ndttrace,0,0,b-->a,1,0.000000,0.131579,9,9,0,6,2,5,0.149254,5,0.970149,5,0.761194,5,0.761194
gs://m-lab/ndt/2017/01/01/20170101T000000Z-mlab1-acc02-ndt-0000.tgz,29,38,29,38,29,38,42066.869851,-1.000000,-1,0.447761,32372.464012,5,0.970149
gs://m-lab/ndt/2017/01/01/20170101T000000Z-mlab1-acc02-ndt-0000.tgz,20170101T04:07:44.91166000Z_41.189.160.37.s2c_ndttrace,0,0,a-->b,1,0.363636,-1.000000,10,10,0,5,0,1,0.146667,5,1.000000,5,0.453333,5,0.453333
gs://m-lab/ndt/2017/01/01/20170101T000000Z-mlab1-acc02-ndt-0000.tgz,11,64,11,64,11,64,61027.561015,-1.000000,-1,0.306667,61027.561015,5,1.000000
gs://m-lab/ndt/2017/01/01/20170101T000000Z-mlab1-acc02-ndt-0000.tgz,20170101T04:09:01.24971000Z_41.189.162.2.s2c_ndttrace,0,0,a-->b,1,0.153846,0.068182,8,8,0,6,0,1,0.157895,5,1.000000,5,0.561404,5,0.561404
gs://m-lab/ndt/2017/01/01/20170101T000000Z-mlab1-acc02-ndt-0000.tgz,13,44,13,44,13,44,40121.038930,-1.000000,-1,0.333333,40121.038930,5,1.000000
gs://m-lab/ndt/2017/01/01/20170101T000000Z-mlab1-acc02-ndt-0000.tgz,20170101T04:12:53.457777000Z_45.56.98.222.s2c_ndttrace,0,0,b-->a,1,-1.000000,-1.000000,3,3,0,4,2,4,0.100000,4,0.875000,4,0.650000,4,0.650000
gs://m-lab/ndt/2017/01/01/20170101T000000Z-mlab1-acc02-ndt-0000.tgz,20,20,20,20,20,20,14101.858518,-1.000000,-1,0.400000,11663.253108,4,0.875000
gs://m-lab/ndt/2017/01/01/20170101T000000Z-mlab1-acc02-ndt-0000.tgz,20170101T04:22:53.474769000Z_45.56.98.222.s2c_ndttrace,0,0,b-->a,1,0.043478,0.181818,4,4,0,6,2,5,0.111111,5,0.933333,5,0.755556,5,0.755556
gs://m-lab/ndt/2017/01/01/20170101T000000Z-mlab1-acc02-ndt-0000.tgz,23,22,23,22,23,22,18104.496207,-1.000000,-1,0.444444,18104.473925,5,0.933333
gs://m-lab/ndt/2017/01/01/20170101T000000Z-mlab1-acc02-ndt-0000.tgz,20170101T04:29:39.503541000Z_177.134.46.30.s2c_ndttrace,0,0,a-->b,1,-1.000000,-1.000000,-1,-1,0,3,1,2,0.003383,3,0.904708,3,0.076121,3,0.063152
gs://m-lab/ndt/2017/01/01/20170101T000000Z-mlab1-acc02-ndt-0000.tgz,427,3120,427,3120,427,3120,14924801.362089,-1.000000,-1,0.027347,6510168.523486,3,0.904708
gs://m-lab/ndt/2017/01/01/20170101T000000Z-mlab1-acc02-ndt-0000.tgz,20170101T04:32:53.347885000Z_45.56.98.222.s2c_ndttrace,0,0,b-->a,1,-1.000000,-1.000000,4,4,0,4,2,4,0.098039,4,0.921569,4,0.666667,4,0.647059
gs://m-lab/ndt/2017/01/01/20170101T000000Z-mlab1-acc02-ndt-0000.tgz,23,28,23,28,23,28,22305.371931,-1.000000,-1,0.392157,20717.843598,4,0.921569
gs://m-lab/ndt/2017/01/01/20170101T000000Z-mlab1-acc02-ndt-0000.tgz,20170101T04:36:18.413376000Z_179.189.250.186.s2c_ndttrace,0,0,a-->b,0,-1.000000,-1.000000,-1,-1,0,3,2,3,0.003460,3,0.991926,3,0.071280,3,0.060900
gs://m-lab/ndt/2017/01/01/20170101T000000Z-mlab1-acc02-ndt-0000.tgz,96,4239,96,4239,96,4239,2744566.429867,-1.000000,-1,0.021915,2765670.110619,3,0.991926
gs://m-lab/ndt/2017/01/01/20170101T000000Z-mlab1-acc02-ndt-0000.tgz,
gs://m-lab/ndt/2017/01/01/20170101T000000Z-mlab1-acc02-ndt-0000.tgz,20170101T04:42:53.258350000Z_45.56.98.222.s2c_ndttrace,0,0,b-->a,1,-1.000000,-1.000000,3,3,0,4,2,5,0.114286,5,1.000000,5,0.771429,5,0.771429
gs://m-lab/ndt/2017/01/01/20170101T000000Z-mlab1-acc02-ndt-0000.tgz,16,19,16,19,16,19,14011.233429,-1.000000,-1,0.457143,14011.218646,5,1.000000
gs://m-lab/ndt/2017/01/01/20170101T000000Z-mlab1-acc02-ndt-0000.tgz,20170101T04:52:53.334227000Z_45.56.98.222.s2c_ndttrace,0,0,b-->a,1,0.043478,0.137931,4,4,0,6,2,4,0.096154,4,0.903846,4,0.596154,4,0.596154
gs://m-lab/ndt/2017/01/01/20170101T000000Z-mlab1-acc02-ndt-0000.tgz,23,29,23,29,23,29,19863.865037,-1.000000,-1,0.346154,19057.781307,4,0.903846
gs://m-lab/ndt/2017/01/01/20170101T000000Z-mlab1-acc02-ndt-0000.tgz,
gs://m-lab/ndt/2017/01/01/20170101T000000Z-mlab1-acc02-ndt-0000.tgz,20170101T05:02:53.269911000Z_45.56.98.222.s2c_ndttrace,0,0,b-->a,1,0.093750,0.139535,9,9,0,6,2,5,0.133333,5,0.946667,5,0.693333,5,0.693333
gs://m-lab/ndt/2017/01/01/20170101T000000Z-mlab1-acc02-ndt-0000.tgz,32,43,32,43,32,43,33326.355390,-1.000000,-1,0.400000,33326.193148,5,0.946667
gs://m-lab/ndt/2017/01/01/20170101T000000Z-mlab1-acc02-ndt-0000.tgz,20170101T05:12:53.399491000Z_45.56.98.222.s2c_ndttrace,0,0,b-->a,1,-1.000000,-1.000000,4,4,0,4,2,4,0.106383,4,0.914894,4,0.723404,4,0.723404
gs://m-lab/ndt/2017/01/01/20170101T000000Z-mlab1-acc02-ndt-0000.tgz,23,24,23,24,23,24,15917.472063,-1.000000,-1,0.446809,15917.472063,4,0.914894
gs://m-lab/ndt/2017/01/01/20170101T000000Z-mlab1-acc02-ndt-0000.tgz,20170101T05:22:53.309645000Z_45.56.98.222.s2c_ndttrace,0,0,b-->a,1,-1.000000,-1.000000,3,3,0,4,2,4,0.085106,4,0.914894,4,0.617021,4,0.617021
gs://m-lab/ndt/2017/01/01/20170101T000000Z-mlab1-acc02-ndt-0000.tgz,21,26,21,26,21,26,14846.954741,-1.000000,-1,0.382979,14846.943569,4,0.914894
gs://m-lab/ndt/2017/01/01/20170101T000000Z-mlab1-acc02-ndt-0000.tgz,20170101T05:32:53.298983000Z_45.56.98.222.s2c_ndttrace,0,0,b-->a,1,0.088235,0.181818,8,8,0,6,2,5,0.134328,5,0.940299,5,0.820896,5,0.820896
gs://m-lab/ndt/2017/01/01/20170101T000000Z-mlab1-acc02-ndt-0000.tgz,34,33,34,33,34,33,27924.655474,-1.000000,-1,0.492537,27924.521784,5,0.940299
gs://m-lab/ndt/2017/01/01/20170101T000000Z-mlab1-acc02-ndt-0000.tgz,20170101T05:42:53.347796000Z_45.56.98.222.s2c_ndttrace,0,0,b-->a,1,-1.000000,-1.000000,2,2,0,4,2,4,0.085714,4,0.885714,4,0.571429,4,0.542857
gs://m-lab/ndt/2017/01/01/20170101T000000Z-mlab1-acc02-ndt-0000.tgz,15,20,15,20,15,20,12355.243966,-1.000000,-1,0.342857,10629.542547,4,0.885714
gs://m-lab/ndt/2017/01/01/20170101T000000Z-mlab1-acc02-ndt-0000.tgz,
gs://m-lab/ndt/2017/01/01/20170101T000000Z-mlab1-acc02-ndt-0000.tgz,20170101T05:52:53.302279000Z_45.56.98.222.s2c_ndttrace,0,0,b-->a,1,0.047619,0.190476,5,5,0,6,2,5,0.142857,5,0.928571,5,0.761905,5,0.761905
gs://m-lab/ndt/2017/01/01/20170101T000000Z-mlab1-acc02-ndt-0000.tgz,21,21,21,21,21,21,19849.879311,-1.000000,-1,0.428571,19849.758554,5,0.928571
gs://m-lab/ndt/2017/01/01/20170101T000000Z-mlab1-acc02-ndt-0000.tgz,
gs://m-lab/ndt/2017/01/01/20170101T000000Z-mlab1-acc02-ndt-0000.tgz,20170101T06:02:53.340441000Z_45.56.98.222.s2c_ndttrace,0,0,b-->a,1,0.000000,0.080000,4,4,0,6,2,5,0.089286,5,0.910714,5,0.767857,5,0.767857
gs://m-lab/ndt/2017/01/01/20170101T000000Z-mlab1-acc02-ndt-0000.tgz,31,25,31,25,31,25,20852.154612,-1.000000,-1,0.464286,20852.105889,5,0.910714
gs://m-lab/ndt/2017/01/01/20170101T000000Z-mlab1-acc02-ndt-0000.tgz,20170101T06:12:14.992316000Z_189.0.41.51.s2c_ndttrace,0,0,a-->b,1,-1.000000,-1.000000,-1,-1,0,3,2,3,0.004673,3,0.967290,3,0.044059,3,0.036716
gs://m-lab/ndt/2017/01/01/20170101T000000Z-mlab1-acc02-ndt-0000.tgz,61,1437,61,1437,61,1437,1955891.654445,-1.000000,-1,0.008678,1850563.997850,3,0.967290
gs://m-lab/ndt/2017/01/01/20170101T000000Z-mlab1-acc02-ndt-0000.tgz,20170101T06:12:53.325418000Z_45.56.98.222.s2c_ndttrace,0,0,b-->a,1,0.074074,0.176471,7,7,0,6,2,5,0.131148,5,0.934426,5,0.688525,5,0.688525
gs://m-lab/ndt/2017/01/01/20170101T000000Z-mlab1-acc02-ndt-0000.tgz,27,34,27,34,27,34,23380.516662,-1.000000,-1,0.393443,23380.516662,5,0.934426
gs://m-lab/ndt/2017/01/01/20170101T000000Z-mlab1-acc02-ndt-0000.tgz,20170101T06:22:53.245785000Z_45.56.98.222.s2c_ndttrace,0,0,b-->a,1,0.041667,0.235294,8,8,0,6,2,5,0.155172,5,0.982759,5,0.775862,5,0.775862
gs://m-lab/ndt/2017/01/01/20170101T000000Z-mlab1-acc02-ndt-0000.tgz,24,34,24,34,24,34,28723.342109,-1.000000,-1,0.465517,28723.342109,5,0.982759
gs://m-lab/ndt/2017/01/01/20170101T000000Z-mlab1-acc02-ndt-0000.tgz,20170101T06:32:53.332697000Z_45.56.98.222.s2c_ndttrace,0,0,b-->a,1,0.000000,0.081081,7,7,0,6,2,5,0.121212,5,1.000000,5,0.772727,5,0.772727
gs://m-lab/ndt/2017/01/01/20170101T000000Z-mlab1-acc02-ndt-0000.tgz,29,37,29,37,29,37,59623.051869,-1.000000,-1,0.454545,35827.875908,5,1.000000
gs://m-lab/ndt/2017/01/01/20170101T000000Z-mlab1-acc02-ndt-0000.tgz,20170101T06:42:53.389009000Z_45.56.98.222.s2c_ndttrace,0,0,b-->a,1,0.142857,0.206897,6,6,0,6,2,5,0.140000,5,1.000000,5,0.800000,5,0.800000
gs://m-lab/ndt/2017/01/01/20170101T000000Z-mlab1-acc02-ndt-0000.tgz,21,29,21,29,21,29,22062.428532,-1.000000,-1,0.500000,22062.428532,5,1.000000
gs://m-lab/ndt/2017/01/01/20170101T000000Z-mlab1-acc02-ndt-0000.tgz,
gs://m-lab/ndt/2017/01/01/20170101T000000Z-mlab1-acc02-ndt-0000.tgz,20170101T06:52:53.436310000Z_45.56.98.222.s2c_ndttrace,0,0,b-->a,1,0.040000,0.095238,3,3,0,6,2,5,0.086957,5,0.913043,4,0.782609,4,0.782609
gs://m-lab/ndt/2017/01/01/20170101T000000Z-mlab1-acc02-ndt-0000.tgz,25,21,25,21,25,21,25132.118677,-1.000000,-1,0.500000,15528.772499,5,0.913043
gs://m-lab/ndt/2017/01/01/20170101T000000Z-mlab1-acc02-ndt-0000.tgz,20170101T07:02:53.252317000Z_45.56.98.222.s2c_ndttrace,0,0,b-->a,1,0.105263,0.181818,9,9,0,6,2,5,0.121951,5,0.963415,5,0.768293,5,0.768293
gs://m-lab/ndt/2017/01/01/20170101T000000Z-mlab1-acc02-ndt-0000.tgz,38,44,38,44,38,44,38568.368742,-1.000000,-1,0.463415,32601.972477,5,0.963415
gs://m-lab/ndt/2017/01/01/20170101T000000Z-mlab1-acc02-ndt-0000.tgz,20170101T07:12:53.273459000Z_45.56.98.222.s2c_ndttrace,0,0,b-->a,1,0.083333,0.166667,4,4,0,6,2,5,0.104167,5,0.979167,5,0.812500,5,0.812500
gs://m-lab/ndt/2017/01/01/20170101T000000Z-mlab1-acc02-ndt-0000.tgz,24,24,24,24,24,24,14536.294177,-1.000000,-1,0.500000,14536.294177,5,0.979167
gs://m-lab/ndt/2017/01/01/20170101T000000Z-mlab1-acc02-ndt-0000.tgz,20170101T07:22:53.410703000Z_45.56.98.222.s2c_ndttrace,0,0,b-->a,1,-1.000000,-1.000000,3,3,0,4,2,5,0.114286,5,1.000000,5,0.771429,5,0.771429
gs://m-lab/ndt/2017/01/01/20170101T000000Z-mlab1-acc02-ndt-0000.tgz,16,19,16,19,16,19,17475.435586,-1.000000,-1,0.457143,17475.408757,5,1.000000
gs://m-lab/ndt/2017/01/01/20170101T000000Z-mlab1-acc02-ndt-0000.tgz,20170101T07:32:53.316729000Z_45.56.98.222.s2c_ndttrace,0,0,a-->b,1,0.068966,0.187500,7,7,0,6,2,5,0.131148,5,0.967213,5,0.803279,5,0.803279
gs://m-lab/ndt/2017/01/01/20170101T000000Z-mlab1-acc02-ndt-0000.tgz,29,32,29,32,29,32,31874.079784,-1.000000,-1,0.491803,27615.122035,5,0.967213
gs://m-lab/ndt/2017/01/01/20170101T000000Z-mlab1-acc02-ndt-0000.tgz,20170101T07:42:53.356039000Z_45.56.98.222.s2c_ndttrace,0,0,b-->a,1,-1.000000,-1.000000,2,2,0,4,0,1,0.088235,4,0.852941,4,0.529412,4,0.500000
gs://m-lab/ndt/2017/01/01/20170101T000000Z-mlab1-acc02-ndt-0000.tgz,14,20,14,20,14,20,13651.486819,-1.000000,-1,0.323529,10885.297949,4,0.852941
gs://m-lab/ndt/2017/01/01/20170101T000000Z-mlab1-acc02-ndt-0000.tgz,
gs://m-lab/ndt/2017/01/01/20170101T000000Z-mlab1-acc02-ndt-0000.tgz,20170101T07:52:53.317992000Z_45.56.98.222.s2c_ndttrace,0,0,b-->a,1,0.000000,0.034483,3,3,0,6,2,5,0.066667,5,0.983333,5,0.816667,5,0.816667
gs://m-lab/ndt/2017/01/01/20170101T000000Z-mlab1-acc02-ndt-0000.tgz,31,29,31,29,31,29,42056.384612,-1.000000,-1,0.516667,16003.186430,5,0.983333
gs://m-lab/ndt/2017/01/01/20170101T000000Z-mlab1-acc02-ndt-0000.tgz,20170101T08:02:53.214407000Z_45.56.98.222.s2c_ndttrace,0,0,b-->a,1,0.076923,0.146341,9,9,0,6,2,5,0.125000,5,0.962500,5,0.800000,5,0.800000
gs://m-lab/ndt/2017/01/01/20170101T000000Z-mlab1-acc02-ndt-0000.tgz,39,41,39,41,39,41,28034.876822,-1.000000,-1,0.475000,28034.876822,5,0.962500
gs://m-lab/ndt/2017/01/01/20170101T000000Z-mlab1-acc02-ndt-0000.tgz,20170101T08:12:53.350805000Z_45.56.98.222.s2c_ndttrace,0,0,b-->a,1,0.103448,0.148148,5,5,0,6,2,5,0.107143,5,0.928571,5,0.767857,5,0.767857
gs://m-lab/ndt/2017/01/01/20170101T000000Z-mlab1-acc02-ndt-0000.tgz,29,27,29,27,29,27,15595.924833,-1.000000,-1,0.464286,15595.924833,5,0.928571
gs://m-lab/ndt/2017/01/01/20170101T000000Z-mlab1-acc02-ndt-0000.tgz,20170101T08:22:53.377422000Z_45.56.98.222.s2c_ndttrace,0,0,b-->a,1,-1.000000,-1.000000,3,3,0,4,2,4,0.085106,4,0.914894,4,0.617021,4,0.617021
gs://m-lab/ndt/2017/01/01/20170101T000000Z-mlab1-acc02-ndt-0000.tgz,21,26,21,26,21,26,14780.428047,-1.000000,-1,0.382979,14780.418557,4,0.914894
gs://m-lab/ndt/2017/01/01/20170101T000000Z-mlab1-acc02-ndt-0000.tgz,20170101T08:32:53.352835000Z_45.56.98.222.s2c_ndttrace,0,0,b-->a,0,0.054054,0.171429,6,6,0,6,2,5,0.097222,5,0.916667,5,0.736111,5,0.736111
gs://m-lab/ndt/2017/01/01/20170101T000000Z-mlab1-acc02-ndt-0000.tgz,37,35,37,35,37,35,25304.848885,-1.000000,-1,0.444444,24791.306825,5,0.916667
gs://m-lab/ndt/2017/01/01/20170101T000000Z-mlab1-acc02-ndt-0000.tgz,20170101T08:42:53.386812000Z_45.56.98.222.s2c_ndttrace,0,0,b-->a,1,0.000000,0.190476,5,5,0,6,2,5,0.153846,5,0.923077,5,0.717949,5,0.717949
gs://m-lab/ndt/2017/01/01/20170101T000000Z-mlab1-acc02-ndt-0000.tgz,18,21,18,21,18,21,18779.532411,-1.000000,-1,0.410256,17684.710117,5,0.923077
gs://m-lab/ndt/2017/01/01/20170101T000000Z-mlab1-acc02-ndt-0000.tgz,
gs://m-lab/ndt/2017/01/01/20170101T000000Z-mlab1-acc02-ndt-0000.tgz,20170101T08:52:53.498233000Z_45.56.98.222.s2c_ndttrace,0,0,b-->a,1,0.166667,0.098039,7,7,0,6,2,4,0.106667,4,1.000000,4,0.586667,4,0.586667
gs://m-lab/ndt/2017/01/01/20170101T000000Z-mlab1-acc02-ndt-0000.tgz,24,51,24,51,24,51,46808.759371,-1.000000,-1,0.346667,46808.759371,4,1.000000
gs://m-lab/ndt/2017/01/01/20170101T000000Z-mlab1-acc02-ndt-0000.tgz,20170101T08:54:04.891442000Z_138.186.86.6.s2c_ndttrace,0,0,a-->b,1,-1.000000,-1.000000,-1,-1,0,3,1,2,0.000956,3,0.998725,3,0.055768,3,0.036966
gs://m-lab/ndt/2017/01/01/20170101T000000Z-mlab1-acc02-ndt-0000.tgz,16,3122,16,3122,16,3122,4980340.089131,-1.000000,-1,0.004143,4980314.792654,3,0.998725
gs://m-lab/ndt/2017/01/01/20170101T000000Z-mlab1-acc02-ndt-0000.tgz,20170101T09:02:53.329167000Z_45.56.98.222.s2c_ndttrace,0,0,b-->a,1,0.114286,0.200000,13,13,0,6,2,5,0.175000,5,1.000000,5,0.850000,5,0.850000
gs://m-lab/ndt/2017/01/01/20170101T000000Z-mlab1-acc02-ndt-0000.tgz,35,45,35,45,35,45,35922.515027,-1.000000,-1,0.500000,35922.390672,5,1.000000
gs://m-lab/ndt/2017/01/01/20170101T000000Z-mlab1-acc02-ndt-0000.tgz,20170101T09:12:53.314251000Z_45.56.98.222.s2c_ndttrace,0,0,b-->a,1,-1.000000,-1.000000,10,10,0,4,2,5,0.135802,5,0.950617,5,0.530864,5,0.530864
gs://m-lab/ndt/2017/01/01/20170101T000000Z-mlab1-acc02-ndt-0000.tgz,25,56,25,56,25,56,45065.511538,-1.000000,-1,0.296296,45065.511538,5,0.950617
gs://m-lab/ndt/2017/01/01/20170101T000000Z-mlab1-acc02-ndt-0000.tgz,20170101T09:16:52.368382000Z_196.207.233.253.s2c_ndttrace,0,0,a-->b,1,-1.000000,-1.000000,-1,-1,1,3,2,3,0.004132,3,0.999225,3,0.043905,3,0.034091
gs://m-lab/ndt/2017/01/01/20170101T000000Z-mlab1-acc02-ndt-0000.tgz,30,3842,30,3842,30,3842,5330471.679170,-1.000000,-1,0.009556,5304611.030308,3,0.999225
gs://m-lab/ndt/2017/01/01/20170101T000000Z-mlab1-acc02-ndt-0000.tgz,
gs://m-lab/ndt/2017/01/01/20170101T000000Z-mlab1-acc02-ndt-0000.tgz,20170101T09:22:53.304262000Z_45.56.98.222.s2c_ndttrace,0,0,b-->a,1,0.240000,-1.000000,6,6,0,5,2,5,0.101449,5,1.000000,5,0.637681,5,0.637681
gs://m-lab/ndt/2017/01/01/20170101T000000Z-mlab1-acc02-ndt-0000.tgz,25,44,25,44,25,44,46847.382102,-1.000000,-1,0.376812,42660.995667,5,1.000000
gs://m-lab/ndt/2017/01/01/20170101T000000Z-mlab1-acc02-ndt-0000.tgz,20170101T09:25:12.605870000Z_185.44.201.175.s2c_ndttrace,0,0,a-->b,1,-1.000000,-1.000000,-1,-1,0,3,2,3,0.001154,3,0.999615,3,0.029223,3,0.023712
gs://m-lab/ndt/2017/01/01/20170101T000000Z-mlab1-acc02-ndt-0000.tgz,18,7784,18,7784,18,7784,9535117.220646,-1.000000,-1,0.003204,9535117.220646,3,0.999615
gs://m-lab/ndt/2017/01/01/20170101T000000Z-mlab1-acc02-ndt-0000.tgz,20170101T09:29:01.597722000Z_41.221.201.77.s2c_ndttrace,0,0,a-->b,1,-1.000000,-1.000000,-1,-1,0,3,2,3,0.006267,3,0.999652,3,0.059889,3,0.051532
gs://m-lab/ndt/2017/01/01/20170101T000000Z-mlab1-acc02-ndt-0000.tgz,34,2838,34,2838,34,2838,4944503.828116,-1.000000,-1,0.018454,4944503.828116,3,0.999652
gs://m-lab/ndt/2017/01/01/20170101T000000Z-mlab1-acc02-ndt-0000.tgz,20170101T09:32:53.356917000Z_45.56.98.222.s2c_ndttrace,0,0,b-->a,1,0.060606,0.111111,6,6,0,6,2,5,0.101449,5,0.956522,5,0.739130,5,0.739130
gs://m-lab/ndt/2017/01/01/20170101T000000Z-mlab1-acc02-ndt-0000.tgz,33,36,33,36,33,36,34083.691712,-1.000000,-1,0.434783,29803.975049,5,0.956522
gs://m-lab/ndt/2017/01/01/20170101T000000Z-mlab1-acc02-ndt-0000.tgz,20170101T09:42:53.202241000Z_45.56.98.222.s2c_ndttrace,0,0,b-->a,1,0.040000,0.086957,3,3,0,6,2,4,0.083333,4,0.937500,4,0.750000,4,0.750000
gs://m-lab/ndt/2017/01/01/20170101T000000Z-mlab1-acc02-ndt-0000.tgz,25,23,25,23,25,23,20124.822670,-1.000000,-1,0.458333,13686.549908,4,0.937500
gs://m-lab/ndt/2017/01/01/20170101T000000Z-mlab1-acc02-ndt-0000.tgz,
gs://m-lab/ndt/2017/01/01/20170101T000000Z-mlab1-acc02-ndt-0000.tgz,20170101T09:52:53.344549000Z_45.56.98.222.s2c_ndttrace,0,0,b-->a,1,0.035714,0.125000,6,6,0,6,2,5,0.116667,5,0.900000,5,0.650000,5,0.650000
gs://m-lab/ndt/2017/01/01/20170101T000000Z-mlab1-acc02-ndt-0000.tgz,28,32,28,32,28,32,37411.965321,-1.000000,-1,0.366667,29803.885757,5,0.900000
gs://m-lab/ndt/2017/01/01/20170101T000000Z-mlab1-acc02-ndt-0000.tgz,20170101T10:02:53.289185000Z_45.56.98.222.s2c_ndttrace,0,0,b-->a,0,0.027778,0.114286,6,6,0,6,2,5,0.098592,5,0.901408,5,0.718310,5,0.718310
gs://m-lab/ndt/2017/01/01/20170101T000000Z-mlab1-acc02-ndt-0000.tgz,36,35,36,35,36,35,25956.676001,-1.000000,-1,0.436620,25324.723309,5,0.901408
gs://m-lab/ndt/2017/01/01/20170101T000000Z-mlab1-acc02-ndt-0000.tgz,20170101T10:12:53.216473000Z_45.56.98.222.s2c_ndttrace,0,0,b-->a,1,-1.000000,-1.000000,2,2,0,4,2,4,0.085714,4,0.885714,4,0.571429,4,0.542857
gs://m-lab/ndt/2017/01/01/20170101T000000Z-mlab1-acc02-ndt-0000.tgz,15,20,15,20,15,20,12209.363929,-1.000000,-1,0.342857,10539.318085,4,0.885714
gs://m-lab/ndt/2017/01/01/20170101T000000Z-mlab1-acc02-ndt-0000.tgz,20170101T10:22:53.249718000Z_45.56.98.222.s2c_ndttrace,0,0,b-->a,1,0.088235,0.137931,11,11,0,6,2,5,0.130435,5,0.945652,5,0.619565,5,0.619565
gs://m-lab/ndt/2017/01/01/20170101T000000Z-mlab1-acc02-ndt-0000.tgz,34,58,34,58,34,58,43954.364443,-1.000000,-1,0.358696,43954.364443,5,0.945652
gs://m-lab/ndt/2017/01/01/20170101T000000Z-mlab1-acc02-ndt-0000.tgz,20170101T10:32:53.210385000Z_45.56.98.222.s2c_ndttrace,0,0,b-->a,1,0.105263,0.116279,8,8,0,6,2,5,0.111111,5,0.987654,5,0.802469,5,0.802469
gs://m-lab/ndt/2017/01/01/20170101T000000Z-mlab1-acc02-ndt-0000.tgz,38,43,38,43,38,43,30941.670285,-1.000000,-1,0.481481,30941.520884,5,0.987654
gs://m-lab/ndt/2017/01/01/20170101T000000Z-mlab1-acc02-ndt-0000.tgz,20170101T10:42:53.362316000Z_45.56.98.222.s2c_ndttrace,0,0,b-->a,1,0.074074,0.181818,7,7,0,6,2,5,0.133333,5,0.916667,5,0.716667,5,0.716667
gs://m-lab/ndt/2017/01/01/20170101T000000Z-mlab1-acc02-ndt-0000.tgz,27,33,27,33,27,33,24510.223167,-1.000000,-1,0.416667,24510.134308,5,0.916667
gs://m-lab/ndt/2017/01/01/20170101T000000Z-mlab1-acc02-ndt-0000.tgz,
gs://m-lab/ndt/2017/01/01/20170101T000000Z-mlab1-acc02-ndt-0000.tgz,20170101T10:52:53.214916000Z_45.56.98.222.s2c_ndttrace,0,0,b-->a,1,-1.000000,-1.000000,4,4,0,4,2,5,0.096154,5,0.961538,5,0.730769,5,0.730769
gs://m-lab/ndt/2017/01/01/20170101T000000Z-mlab1-acc02-ndt-0000.tgz,24,28,24,28,24,28,24128.895960,-1.000000,-1,0.442308,24128.862036,5,0.961538
gs://m-lab/ndt/2017/01/01/20170101T000000Z-mlab1-acc02-ndt-0000.tgz,20170101T11:02:53.252847000Z_45.56.98.222.s2c_ndttrace,0,0,b-->a,1,0.045455,0.105263,7,7,0,6,2,5,0.097561,5,0.963415,5,0.841463,5,0.841463
gs://m-lab/ndt/2017/01/01/20170101T000000Z-mlab1-acc02-ndt-0000.tgz,44,38,44,38,44,38,37460.437671,-1.000000,-1,0.512195,25497.315596,5,0.963415
gs://m-lab/ndt/2017/01/01/20170101T000000Z-mlab1-acc02-ndt-0000.tgz,20170101T11:10:14.826915000Z_143.255.20.1.s2c_ndttrace,0,0,b-->a,1,-1.000000,-1.000000,-1,-1,0,3,0,3,0.003704,3,1.000000,3,0.062963,3,0.041975
gs://m-lab/ndt/2017/01/01/20170101T000000Z-mlab1-acc02-ndt-0000.tgz,2,808,2,808,2,808,8189457.601222,-1.000000,-1,0.006173,8189457.601222,3,1.000000
gs://m-lab/ndt/2017/01/01/20170101T000000Z-mlab1-acc02-ndt-0000.tgz,20170101T11:10:52.211904000Z_143.255.20.1.s2c_ndttrace,0,0,b-->a,1,0.000000,0.001942,3,3,0,0,0,1,0.007722,0,1.000000,4,0.069498,4,0.042471
gs://m-lab/ndt/2017/01/01/20170101T000000Z-mlab1-acc02-ndt-0000.tgz,3,515,3,515,3,515,512666.461818,-1.000000,-1,0.013514,512666.461818,0,1.000000
gs://m-lab/ndt/2017/01/01/20170101T000000Z-mlab1-acc02-ndt-0000.tgz,
gs://m-lab/ndt/2017/01/01/20170101T000000Z-mlab1-acc02-ndt-0000.tgz,20170101T11:12:53.363726000Z_45.56.98.222.s2c_ndttrace,0,0,b-->a,1,0.208333,-1.000000,8,8,0,5,2,5,0.147541,5,0.918033,5,0.622951,5,0.622951
gs://m-lab/ndt/2017/01/01/20170101T000000Z-mlab1-acc02-ndt-0000.tgz,24,37,24,37,24,37,26743.915679,-1.000000,-1,0.360656,26743.915679,5,0.918033
gs://m-lab/ndt/2017/01/01/20170101T000000Z-mlab1-acc02-ndt-0000.tgz,20170101T11:19:33.666098000Z_41.82.140.254.s2c_ndttrace,0,0,a-->b,1,-1.000000,-1.000000,-1,-1,0,3,0,3,0.001881,3,0.999059,3,0.039981,3,0.030574
gs://m-lab/ndt/2017/01/01/20170101T000000Z-mlab1-acc02-ndt-0000.tgz,7,2119,7,2119,7,2119,5338440.911703,-1.000000,-1,0.004233,4776879.495830,3,0.999059
gs://m-lab/ndt/2017/01/01/20170101T000000Z-mlab1-acc02-ndt-0000.tgz,
gs://m-lab/ndt/2017/01/01/20170101T000000Z-mlab1-acc02-ndt-0000.tgz,20170101T11:22:53.454019000Z_45.56.98.222.s2c_ndttrace,0,0,b-->a,1,0.081081,0.205128,9,9,0,6,2,5,0.131579,5,0.960526,5,0.802632,5,0.802632
gs://m-lab/ndt/2017/01/01/20170101T000000Z-mlab1-acc02-ndt-0000.tgz,37,39,37,39,37,39,22354.589925,-1.000000,-1,0.473684,22354.572286,5,0.960526
gs://m-lab/ndt/2017/01/01/20170101T000000Z-mlab1-acc02-ndt-0000.tgz,20170101T11:32:53.258797000Z_45.56.98.222.s2c_ndttrace,0,0,b-->a,1,0.129032,0.146341,9,9,0,6,2,5,0.138889,5,0.930556,5,0.680556,5,0.680556
gs://m-lab/ndt/2017/01/01/20170101T000000Z-mlab1-acc02-ndt-0000.tgz,31,41,31,41,31,41,36678.131140,-1.000000,-1,0.388889,36678.131140,5,0.930556
gs://m-lab/ndt/2017/01/01/20170101T000000Z-mlab1-acc02-ndt-0000.tgz,20170101T11:42:53.254111000Z_45.56.98.222.s2c_ndttrace,0,0,b-->a,1,0.105263,0.181818,4,4,0,6,2,5,0.121951,5,0.975610,5,0.756098,5,0.756098
gs://m-lab/ndt/2017/01/01/20170101T000000Z-mlab1-acc02-ndt-0000.tgz,19,22,19,22,19,22,16724.771716,-1.000000,-1,0.439024,16724.748485,5,0.975610
gs://m-lab/ndt/2017/01/01/20170101T000000Z-mlab1-acc02-ndt-0000.tgz,
gs://m-lab/ndt/2017/01/01/20170101T000000Z-mlab1-acc02-ndt-0000.tgz,20170101T11:48:01.207049000Z_41.189.179.67.s2c_ndttrace,0,0,a-->b,1,-1.000000,-1.000000,-1,-1,0,3,1,2,0.000754,3,0.992331,3,0.050666,3,0.031054
gs://m-lab/ndt/2017/01/01/20170101T000000Z-mlab1-acc02-ndt-0000.tgz,75,7879,75,7879,75,7879,18238139.103164,-1.000000,-1,0.002137,18251854.851865,3,0.992331
gs://m-lab/ndt/2017/01/01/20170101T000000Z-mlab1-acc02-ndt-0000.tgz,20170101T11:52:53.236206000Z_45.56.98.222.s2c_ndttrace,0,0,b-->a,1,-1.000000,-1.000000,3,3,0,4,2,4,0.085106,4,0.914894,4,0.617021,4,0.617021
gs://m-lab/ndt/2017/01/01/20170101T000000Z-mlab1-acc02-ndt-0000.tgz,21,26,21,26,21,26,14163.469566,-1.000000,-1,0.382979,14163.460851,4,0.914894
gs://m-lab/ndt/2017/01/01/20170101T000000Z-mlab1-acc02-ndt-0000.tgz,20170101T12:02:53.330981000Z_45.56.98.222.s2c_ndttrace,0,0,b-->a,0,0.028571,0.111111,7,7,0,6,2,5,0.112676,5,0.943662,5,0.760563,5,0.760563
gs://m-lab/ndt/2017/01/01/20170101T000000Z-mlab1-acc02-ndt-0000.tgz,35,36,35,36,35,36,25384.472594,-1.000000,-1,0.450704,25384.351314,5,0.943662
gs://m-lab/ndt/2017/01/01/20170101T000000Z-mlab1-acc02-ndt-0000.tgz,20170101T12:12:53.374808000Z_45.56.98.222.s2c_ndttrace,0,0,b-->a,1,0.062500,0.083333,3,3,0,6,2,5,0.100000,5,0.900000,5,0.525000,5,0.525000
gs://m-lab/ndt/2017/01/01/20170101T000000Z-mlab1-acc02-ndt-0000.tgz,16,24,16,24,16,24,26711.386719,-1.000000,-1,0.300000,21236.762576,5,0.900000
gs://m-lab/ndt/2017/01/01/20170101T000000Z-mlab1-acc02-ndt-0000.tgz,20170101T12:22:53.348858000Z_45.56.98.222.s2c_ndttrace,0,0,b-->a,1,0.160000,0.181818,5,5,0,6,2,5,0.127660,5,0.893617,5,0.744681,5,0.744681
gs://m-lab/ndt/2017/01/01/20170101T000000Z-mlab1-acc02-ndt-0000.tgz,25,22,25,22,25,22,18469.328422,-1.000000,-1,0.425532,18469.255756,5,0.893617
gs://m-lab/ndt/2017/01/01/20170101T000000Z-mlab1-acc02-ndt-0000.tgz,
gs://m-lab/ndt/2017/01/01/20170101T000000Z-mlab1-acc02-ndt-0000.tgz,20170101T12:32:53.314273000Z_45.56.98.222.s2c_ndttrace,0,0,b-->a,1,0.258065,-1.000000,14,14,0,5,2,5,0.150000,5,0.960000,5,0.580000,5,0.580000
gs://m-lab/ndt/2017/01/01/20170101T000000Z-mlab1-acc02-ndt-0000.tgz,31,69,31,69,31,69,54586.523536,-1.000000,-1,0.330000,53568.044758,5,0.960000
gs://m-lab/ndt/2017/01/01/20170101T000000Z-mlab1-acc02-ndt-0000.tgz,20170101T12:42:53.299199000Z_45.56.98.222.s2c_ndttrace,0,0,b-->a,1,-1.000000,-1.000000,9,9,0,4,2,5,0.149254,5,0.985075,5,0.641791,5,0.641791
gs://m-lab/ndt/2017/01/01/20170101T000000Z-mlab1-acc02-ndt-0000.tgz,22,45,22,45,22,45,39630.451381,-1.000000,-1,0.373134,39630.451381,5,0.985075
gs://m-lab/ndt/2017/01/01/20170101T000000Z-mlab1-acc02-ndt-0000.tgz,
gs://m-lab/ndt/2017/01/01/20170101T000000Z-mlab1-acc02-ndt-0000.tgz,20170101T12:52:53.252161000Z_45.56.98.222.s2c_ndttrace,0,0,b-->a,1,0.041667,0.173913,4,4,0,6,2,5,0.106383,5,0.936170,5,0.765957,5,0.765957
gs://m-lab/ndt/2017/01/01/20170101T000000Z-mlab1-acc02-ndt-0000.tgz,24,23,24,23,24,23,16640.574401,-1.000000,-1,0.468085,16640.574401,5,0.936170
gs://m-lab/ndt/2017/01/01/20170101T000000Z-mlab1-acc02-ndt-0000.tgz,20170101T12:56:52.346947000Z_186.201.185.2.s2c_ndttrace,0,0,a-->b,1,-1.000000,-1.000000,-1,-1,0,3,2,3,0.003231,3,0.949111,3,0.055735,3,0.037561
gs://m-lab/ndt/2017/01/01/20170101T000000Z-mlab1-acc02-ndt-0000.tgz,140,2336,140,2336,140,2336,3845115.446043,-1.000000,-1,0.006058,3844207.072928,3,0.949111
gs://m-lab/ndt/2017/01/01/20170101T000000Z-mlab1-acc02-ndt-0000.tgz,20170101T13:02:53.220266000Z_45.56.98.222.s2c_ndttrace,0,0,b-->a,1,0.000000,0.210526,10,10,0,6,2,6,0.166667,6,0.969697,6,0.787879,6,0.787879
gs://m-lab/ndt/2017/01/01/20170101T000000Z-mlab1-acc02-ndt-0000.tgz,28,38,28,38,28,38,35613.690018,-1.000000,-1,0.469697,35613.690018,6,0.969697
gs://m-lab/ndt/2017/01/01/20170101T000000Z-mlab1-acc02-ndt-0000.tgz,20170101T13:12:53.168433000Z_45.56.98.222.s2c_ndttrace,0,0,b-->a,1,0.000000,0.111111,4,4,0,6,2,0,0.138889,6,0.888889,6,0.694444,6,0.694444
gs://m-lab/ndt/2017/01/01/20170101T000000Z-mlab1-acc02-ndt-0000.tgz,18,18,18,18,18,18,18141.368114,-1.000000,-1,0.388889,18141.341266,6,0.888889
gs://m-lab/ndt/2017/01/01/20170101T000000Z-mlab1-acc02-ndt-0000.tgz,20170101T13:22:53.435562000Z_45.56.98.222.s2c_ndttrace,0,0,b-->a,1,0.111111,0.193548,6,6,0,6,2,5,0.120690,5,0.948276,5,0.741379,5,0.741379
gs://m-lab/ndt/2017/01/01/20170101T000000Z-mlab1-acc02-ndt-0000.tgz,27,31,27,31,27,31,23697.995377,-1.000000,-1,0.448276,23697.995377,5,0.948276
gs://m-lab/ndt/2017/01/01/20170101T000000Z-mlab1-acc02-ndt-0000.tgz,20170101T13:32:53.268524000Z_45.56.98.222.s2c_ndttrace,0,0,b-->a,1,0.075000,0.130435,7,7,0,6,2,5,0.093023,5,0.941860,5,0.697674,5,0.697674
gs://m-lab/ndt/2017/01/01/20170101T000000Z-mlab1-acc02-ndt-0000.tgz,40,46,40,46,40,46,50573.611439,-1.000000,-1,0.418605,35576.214481,5,0.941860
gs://m-lab/ndt/2017/01/01/20170101T000000Z-mlab1-acc02-ndt-0000.tgz,20170101T13:33:18.638196000Z_187.94.206.179.s2c_ndttrace,0,0,a-->b,1,-1.000000,-1.000000,-1,-1,0,3,2,3,0.002678,3,0.978040,3,0.062132,3,0.041243
gs://m-lab/ndt/2017/01/01/20170101T000000Z-mlab1-acc02-ndt-0000.tgz,53,1814,53,1814,53,1814,3227927.319634,-1.000000,-1,0.006963,3245727.837766,3,0.978040
gs://m-lab/ndt/2017/01/01/20170101T000000Z-mlab1-acc02-ndt-0000.tgz,
gs://m-lab/ndt/2017/01/01/20170101T000000Z-mlab1-acc02-ndt-0000.tgz,20170101T13:42:53.295979000Z_45.56.98.222.s2c_ndttrace,0,0,b-->a,1,0.100000,0.133333,5,5,0,6,2,5,0.120000,5,0.920000,5,0.580000,5,0.580000
gs://m-lab/ndt/2017/01/01/20170101T000000Z-mlab1-acc02-ndt-0000.tgz,20,30,20,30,20,30,26344.828289,-1.000000,-1,0.320000,26344.790709,5,0.920000
gs://m-lab/ndt/2017/01/01/20170101T000000Z-mlab1-acc02-ndt-0000.tgz,
gs://m-lab/ndt/2017/01/01/20170101T000000Z-mlab1-acc02-ndt-0000.tgz,
gs://m-lab/ndt/2017/01/01/20170101T000000Z-mlab1-acc02-ndt-0000.tgz,20170101T13:52:08.789700000Z_41.74.135.73.s2c_ndttrace,0,0,a-->b,1,-1.000000,-1.000000,-1,-1,1,3,2,3,0.007755,3,0.971818,3,0.059202,3,0.051825
gs://m-lab/ndt/2017/01/01/20170101T000000Z-mlab1-acc02-ndt-0000.tgz,221,5066,221,5066,221,5066,9421758.810702,-1.000000,-1,0.018725,7164206.339069,3,0.971818
gs://m-lab/ndt/2017/01/01/20170101T000000Z-mlab1-acc02-ndt-0000.tgz,20170101T13:52:53.384908000Z_45.56.98.222.s2c_ndttrace,0,0,b-->a,1,-1.000000,-1.000000,6,6,0,4,2,4,0.137255,4,0.980392,4,0.823529,4,0.823529
gs://m-lab/ndt/2017/01/01/20170101T000000Z-mlab1-acc02-ndt-0000.tgz,24,27,24,27,24,27,19694.280684,-1.000000,-1,0.490196,19694.280684,4,0.980392
gs://m-lab/ndt/2017/01/01/20170101T000000Z-mlab1-acc02-ndt-0000.tgz,20170101T13:54:51.587648000Z_41.191.107.228.s2c_ndttrace,0,0,a-->b,1,-1.000000,-1.000000,-1,-1,0,3,0,2,0.001246,3,1.000000,3,0.040847,3,0.025755
gs://m-lab/ndt/2017/01/01/20170101T000000Z-mlab1-acc02-ndt-0000.tgz,8,7214,8,7214,8,7214,66996401.225368,-1.000000,-1,0.002354,66996401.225368,3,1.000000
gs://m-lab/ndt/2017/01/01/20170101T000000Z-mlab1-acc02-ndt-0000.tgz,20170101T13:59:05.44590000Z_41.191.107.228.s2c_ndttrace,0,0,a-->b,1,-1.000000,-1.000000,-1,-1,0,3,1,2,0.004728,3,0.989540,3,0.058604,3,0.041840
gs://m-lab/ndt/2017/01/01/20170101T000000Z-mlab1-acc02-ndt-0000.tgz,110,6869,110,6869,110,6869,7872775.319317,-1.000000,-1,0.009600,7872775.319317,3,0.989540
gs://m-lab/ndt/2017/01/01/20170101T000000Z-mlab1-acc02-ndt-0000.tgz,20170101T14:02:53.255567000Z_45.56.98.222.s2c_ndttrace,0,0,b-->a,1,0.137931,0.162162,8,8,0,6,2,5,0.136364,5,1.000000,5,0.818182,5,0.818182
gs://m-lab/ndt/2017/01/01/20170101T000000Z-mlab1-acc02-ndt-0000.tgz,29,37,29,37,29,37,36187.091164,-1.000000,-1,0.515152,33603.306503,5,1.000000
gs://m-lab/ndt/2017/01/01/20170101T000000Z-mlab1-acc02-ndt-0000.tgz,20170101T14:12:53.331134000Z_45.56.98.222.s2c_ndttrace,0,0,b-->a,1,-1.000000,-1.000000,8,8,0,4,2,4,0.152542,4,0.949153,4,0.610169,4,0.610169
gs://m-lab/ndt/2017/01/01/20170101T000000Z-mlab1-acc02-ndt-0000.tgz,21,38,21,38,21,38,29054.399908,-1.000000,-1,0.338983,29054.399908,4,0.949153
gs://m-lab/ndt/2017/01/01/20170101T000000Z-mlab1-acc02-ndt-0000.tgz,20170101T14:16:27.111666000Z_191.240.176.84.s2c_ndttrace,0,0,a-->b,1,-1.000000,-1.000000,-1,-1,0,3,0,3,0.008180,3,1.000000,3,0.089980,3,0.051125
gs://m-lab/ndt/2017/01/01/20170101T000000Z-mlab1-acc02-ndt-0000.tgz,5,484,5,484,5,484,548991.805754,-1.000000,-1,0.018405,548991.805754,3,1.000000
gs://m-lab/ndt/2017/01/01/20170101T000000Z-mlab1-acc02-ndt-0000.tgz,20170101T14:22:53.427236000Z_45.56.98.222.s2c_ndttrace,0,0,b-->a,1,0.080000,0.205128,9,9,0,6,2,5,0.156250,5,0.953125,5,0.687500,5,0.687500
gs://m-lab/ndt/2017/01/01/20170101T000000Z-mlab1-acc02-ndt-0000.tgz,25,39,25,39,25,39,31552.171918,-1.000000,-1,0.406250,31856.152560,5,0.953125
gs://m-lab/ndt/2017/01/01/20170101T000000Z-mlab1-acc02-ndt-0000.tgz,20170101T14:32:53.275137000Z_45.56.98.222.s2c_ndttrace,0,0,a-->b,1,0.066667,0.078947,8,8,0,6,2,5,0.132353,5,0.941176,5,0.735294,5,0.735294
gs://m-lab/ndt/2017/01/01/20170101T000000Z-mlab1-acc02-ndt-0000.tgz,30,38,30,38,30,38,41459.002852,-1.000000,-1,0.455882,32324.492945,5,0.941176
gs://m-lab/ndt/2017/01/01/20170101T000000Z-mlab1-acc02-ndt-0000.tgz,20170101T14:42:53.185407000Z_45.56.98.222.s2c_ndttrace,0,0,b-->a,1,0.047619,0.136364,5,5,0,6,2,5,0.139535,5,0.930233,5,0.744186,5,0.744186
gs://m-lab/ndt/2017/01/01/20170101T000000Z-mlab1-acc02-ndt-0000.tgz,21,22,21,22,21,22,17408.662255,-1.000000,-1,0.418605,17408.574392,5,0.930233
gs://m-lab/ndt/2017/01/01/20170101T000000Z-mlab1-acc02-ndt-0000.tgz,
gs://m-lab/ndt/2017/01/01/20170101T000000Z-mlab1-acc02-ndt-0000.tgz,20170101T14:52:53.311423000Z_45.56.98.222.s2c_ndttrace,0,0,b-->a,1,0.080000,0.166667,8,8,0,6,2,6,0.163636,6,0.927273,6,0.763636,6,0.763636
gs://m-lab/ndt/2017/01/01/20170101T000000Z-mlab1-acc02-ndt-0000.tgz,25,30,25,30,25,30,26494.288645,-1.000000,-1,0.472727,26494.288645,6,0.927273
gs://m-lab/ndt/2017/01/01/20170101T000000Z-mlab1-acc02-ndt-0000.tgz,20170101T15:02:53.300003000Z_45.56.98.222.s2c_ndttrace,0,0,b-->a,1,-1.000000,-1.000000,6,6,0,4,2,5,0.097222,5,1.000000,5,0.777778,5,0.777778
gs://m-lab/ndt/2017/01/01/20170101T000000Z-mlab1-acc02-ndt-0000.tgz,33,39,33,39,33,39,68134.552401,-1.000000,-1,0.472222,33579.138202,5,1.000000
gs://m-lab/ndt/2017/01/01/20170101T000000Z-mlab1-acc02-ndt-0000.tgz,20170101T15:12:53.405013000Z_45.56.98.222.s2c_ndttrace,0,0,b-->a,1,-1.000000,-1.000000,4,4,0,4,2,4,0.098039,4,0.921569,4,0.666667,4,0.647059
gs://m-lab/ndt/2017/01/01/20170101T000000Z-mlab1-acc02-ndt-0000.tgz,23,28,23,28,23,28,13209.556050,-1.000000,-1,0.392157,12414.775897,4,0.921569
gs://m-lab/ndt/2017/01/01/20170101T000000Z-mlab1-acc02-ndt-0000.tgz,20170101T15:22:53.344541000Z_45.56.98.222.s2c_ndttrace,0,0,b-->a,1,0.260870,-1.000000,9,9,0,5,2,5,0.144928,5,0.985507,5,0.637681,5,0.637681
gs://m-lab/ndt/2017/01/01/20170101T000000Z-mlab1-acc02-ndt-0000.tgz,23,46,23,46,23,46,45274.821114,-1.000000,-1,0.376812,45274.578816,5,0.985507
gs://m-lab/ndt/2017/01/01/20170101T000000Z-mlab1-acc02-ndt-0000.tgz,20170101T15:32:53.215702000Z_45.56.98.222.s2c_ndttrace,0,0,b-->a,1,-1.000000,-1.000000,9,9,0,4,2,5,0.117647,5,0.988235,5,0.611765,5,0.611765
gs://m-lab/ndt/2017/01/01/20170101T000000Z-mlab1-acc02-ndt-0000.tgz,28,57,28,57,28,57,53588.935338,-1.000000,-1,0.364706,49053.410918,5,0.988235
gs://m-lab/ndt/2017/01/01/20170101T000000Z-mlab1-acc02-ndt-0000.tgz,20170101T15:37:36.180861000Z_179.184.190.34.s2c_ndttrace,0,0,a-->b,1,-1.000000,-1.000000,-1,-1,1,3,2,3,0.029412,3,0.988889,3,0.139869,3,0.126144
gs://m-lab/ndt/2017/01/01/20170101T000000Z-mlab1-acc02-ndt-0000.tgz,95,1435,95,1435,95,1435,1518572.652862,-1.000000,-1,0.062092,1518561.114063,3,0.988889
gs://m-lab/ndt/2017/01/01/20170101T000000Z-mlab1-acc02-ndt-0000.tgz,20170101T15:42:53.383345000Z_45.56.98.222.s2c_ndttrace,0,0,b-->a,1,0.088235,0.117647,11,11,0,6,2,5,0.141176,5,0.988235,5,0.741176,5,0.741176
gs://m-lab/ndt/2017/01/01/20170101T000000Z-mlab1-acc02-ndt-0000.tgz,34,51,34,51,34,51,43727.344970,-1.000000,-1,0.447059,35670.729268,5,0.988235
gs://m-lab/ndt/2017/01/01/20170101T000000Z-mlab1-acc02-ndt-0000.tgz,
gs://m-lab/ndt/2017/01/01/20170101T000000Z-mlab1-acc02-ndt-0000.tgz,
gs://m-lab/ndt/2017/01/01/20170101T000000Z-mlab1-acc02-ndt-0000.tgz,20170101T15:52:53.448097000Z_45.56.98.222.s2c_ndttrace,0,0,b-->a,1,0.185185,0.176471,8,8,0,6,2,5,0.147541,5,0.934426,5,0.704918,5,0.704918
gs://m-lab/ndt/2017/01/01/20170101T000000Z-mlab1-acc02-ndt-0000.tgz,27,34,27,34,27,34,28273.562583,-1.000000,-1,0.393443,28273.460639,5,0.934426
gs://m-lab/ndt/2017/01/01/20170101T000000Z-mlab1-acc02-ndt-0000.tgz,20170101T15:57:09.815224000Z_46.246.63.212.s2c_ndttrace,0,0,a-->b,1,-1.000000,-1.000000,-1,-1,0,3,0,3,0.015411,3,1.000000,3,0.056507,3,0.047945
gs://m-lab/ndt/2017/01/01/20170101T000000Z-mlab1-acc02-ndt-0000.tgz,8,576,8,576,8,576,529314.497244,-1.000000,-1,0.029110,529314.497244,3,1.000000
gs://m-lab/ndt/2017/01/01/20170101T000000Z-mlab1-acc02-ndt-0000.tgz,
gs://m-lab/ndt/2017/01/01/20170101T000000Z-mlab1-acc02-ndt-0000.tgz,20170101T16:02:53.325390000Z_45.56.98.222.s2c_ndttrace,0,0,b-->a,1,0.214286,-1.000000,6,6,0,5,2,5,0.093333,5,0.946667,5,0.573333,5,0.573333
gs://m-lab/ndt/2017/01/01/20170101T000000Z-mlab1-acc02-ndt-0000.tgz,28,47,28,47,28,47,46064.688785,-1.000000,-1,0.346667,46064.688785,5,0.946667
gs://m-lab/ndt/2017/01/01/20170101T000000Z-mlab1-acc02-ndt-0000.tgz,20170101T16:12:53.385567000Z_45.56.98.222.s2c_ndttrace,0,0,b-->a,1,-1.000000,-1.000000,8,8,0,4,2,5,0.105882,5,0.976471,5,0.482353,5,0.482353
gs://m-lab/ndt/2017/01/01/20170101T000000Z-mlab1-acc02-ndt-0000.tgz,24,61,24,61,24,61,59586.725189,-1.000000,-1,0.258824,52165.135188,5,0.976471
gs://m-lab/ndt/2017/01/01/20170101T000000Z-mlab1-acc02-ndt-0000.tgz,20170101T16:21:35.595849000Z_168.181.41.65.s2c_ndttrace,0,0,a-->b,1,-1.000000,-1.000000,-1,-1,0,3,2,3,0.002395,3,0.991617,3,0.030539,3,0.020359
gs://m-lab/ndt/2017/01/01/20170101T000000Z-mlab1-acc02-ndt-0000.tgz,19,1651,19,1651,19,1651,1718381.959684,-1.000000,-1,0.004192,1710153.231807,3,0.991617
gs://m-lab/ndt/2017/01/01/20170101T000000Z-mlab1-acc02-ndt-0000.tgz,20170101T16:22:53.294723000Z_45.56.98.222.s2c_ndttrace,0,0,b-->a,1,0.181818,0.148936,9,9,0,6,2,5,0.144928,5,0.956522,5,0.565217,5,0.565217
gs://m-lab/ndt/2017/01/01/20170101T000000Z-mlab1-acc02-ndt-0000.tgz,22,47,22,47,22,47,42118.831878,-1.000000,-1,0.318841,42118.831878,5,0.956522
gs://m-lab/ndt/2017/01/01/20170101T000000Z-mlab1-acc02-ndt-0000.tgz,20170101T16:26:59.631788000Z_179.108.8.210.s2c_ndttrace,0,0,a-->b,1,-1.000000,-1.000000,-1,-1,1,3,2,3,0.019442,3,0.983094,3,0.131868,3,0.124260
gs://m-lab/ndt/2017/01/01/20170101T000000Z-mlab1-acc02-ndt-0000.tgz,88,1095,88,1095,88,1095,1370558.581521,-1.000000,-1,0.071851,1367775.569651,3,0.983094
gs://m-lab/ndt/2017/01/01/20170101T000000Z-mlab1-acc02-ndt-0000.tgz,20170101T16:32:53.363145000Z_45.56.98.222.s2c_ndttrace,0,0,b-->a,0,0.000000,0.166667,8,8,0,6,2,5,0.121622,5,0.945946,5,0.810811,5,0.810811
gs://m-lab/ndt/2017/01/01/20170101T000000Z-mlab1-acc02-ndt-0000.tgz,38,36,38,36,38,36,24601.327514,-1.000000,-1,0.472973,24601.275554,5,0.945946
gs://m-lab/ndt/2017/01/01/20170101T000000Z-mlab1-acc02-ndt-0000.tgz,20170101T16:42:53.271769000Z_45.56.98.222.s2c_ndttrace,0,0,b-->a,1,-1.000000,-1.000000,3,3,0,4,2,4,0.093023,4,0.860465,4,0.581395,4,0.581395
gs://m-lab/ndt/2017/01/01/20170101T000000Z-mlab1-acc02-ndt-0000.tgz,19,24,19,24,19,24,13457.527730,-1.000000,-1,0.348837,13457.518431,4,0.860465
gs://m-lab/ndt/2017/01/01/20170101T000000Z-mlab1-acc02-ndt-0000.tgz,
gs://m-lab/ndt/2017/01/01/20170101T000000Z-mlab1-acc02-ndt-0000.tgz,20170101T16:52:53.256321000Z_45.56.98.222.s2c_ndttrace,0,0,b-->a,1,0.100000,0.166667,4,4,0,6,2,5,0.113636,5,0.909091,5,0.636364,5,0.636364
gs://m-lab/ndt/2017/01/01/20170101T000000Z-mlab1-acc02-ndt-0000.tgz,20,24,20,24,20,24,19239.503569,-1.000000,-1,0.363636,19239.334007,5,0.909091
gs://m-lab/ndt/2017/01/01/20170101T000000Z-mlab1-acc02-ndt-0000.tgz,20170101T17:02:53.380521000Z_45.56.98.222.s2c_ndttrace,0,0,b-->a,1,0.090909,0.131579,7,7,0,6,2,5,0.112676,5,0.929577,4,0.690141,4,0.690141
gs://m-lab/ndt/2017/01/01/20170101T000000Z-mlab1-acc02-ndt-0000.tgz,33,38,33,38,33,38,33702.110299,-1.000000,-1,0.394366,33702.063595,5,0.929577
gs://m-lab/ndt/2017/01/01/20170101T000000Z-mlab1-acc02-ndt-0000.tgz,20170101T17:12:53.300390000Z_45.56.98.222.s2c_ndttrace,0,0,b-->a,1,-1.000000,-1.000000,2,2,0,4,2,4,0.085714,4,0.885714,4,0.571429,4,0.542857
gs://m-lab/ndt/2017/01/01/20170101T000000Z-mlab1-acc02-ndt-0000.tgz,15,20,15,20,15,20,12281.214851,-1.000000,-1,0.342857,10578.268634,4,0.885714
gs://m-lab/ndt/2017/01/01/20170101T000000Z-mlab1-acc02-ndt-0000.tgz,20170101T17:21:44.655172000Z_179.182.221.250.s2c_ndttrace,0,0,a-->b,1,-1.000000,-1.000000,3,3,0,4,2,1,0.002809,4,0.991573,4,0.057584,4,0.043539
gs://m-lab/ndt/2017/01/01/20170101T000000Z-mlab1-acc02-ndt-0000.tgz,21,1403,21,1403,21,1403,1241798.497821,-1.000000,-1,0.007725,1241730.737842,4,0.991573
gs://m-lab/ndt/2017/01/01/20170101T000000Z-mlab1-acc02-ndt-0000.tgz,20170101T17:22:53.322818000Z_45.56.98.222.s2c_ndttrace,0,0,b-->a,1,0.120000,0.181818,6,6,0,6,2,5,0.120690,5,0.948276,5,0.689655,5,0.689655
gs://m-lab/ndt/2017/01/01/20170101T000000Z-mlab1-acc02-ndt-0000.tgz,25,33,25,33,25,33,31593.123549,-1.000000,-1,0.413793,27635.904131,5,0.948276
gs://m-lab/ndt/2017/01/01/20170101T000000Z-mlab1-acc02-ndt-0000.tgz,20170101T17:32:53.352115000Z_45.56.98.222.s2c_ndttrace,0,0,b-->a,1,0.000000,0.052632,7,7,0,6,2,5,0.117647,5,0.941176,5,0.691176,5,0.691176
gs://m-lab/ndt/2017/01/01/20170101T000000Z-mlab1-acc02-ndt-0000.tgz,30,38,30,38,30,38,52043.384954,-1.000000,-1,0.411765,35964.902331,5,0.941176
gs://m-lab/ndt/2017/01/01/20170101T000000Z-mlab1-acc02-ndt-0000.tgz,20170101T17:42:53.189499000Z_45.56.98.222.s2c_ndttrace,0,0,b-->a,1,0.210526,-1.000000,7,7,0,5,2,5,0.160000,5,0.960000,5,0.660000,5,0.660000
gs://m-lab/ndt/2017/01/01/20170101T000000Z-mlab1-acc02-ndt-0000.tgz,19,31,19,31,19,31,29155.705461,-1.000000,-1,0.360000,29155.459498,5,0.960000
gs://m-lab/ndt/2017/01/01/20170101T000000Z-mlab1-acc02-ndt-0000.tgz,
gs://m-lab/ndt/2017/01/01/20170101T000000Z-mlab1-acc02-ndt-0000.tgz,
gs://m-lab/ndt/2017/01/01/20170101T000000Z-mlab1-acc02-ndt-0000.tgz,20170101T17:52:53.266397000Z_45.56.98.222.s2c_ndttrace,0,0,b-->a,1,0.043478,0.095238,12,12,0,6,2,4,0.151163,4,0.976744,4,0.534884,4,0.534884
gs://m-lab/ndt/2017/01/01/20170101T000000Z-mlab1-acc02-ndt-0000.tgz,23,63,23,63,23,63,56207.837792,-1.000000,-1,0.290698,56207.837792,4,0.976744
gs://m-lab/ndt/2017/01/01/20170101T000000Z-mlab1-acc02-ndt-0000.tgz,20170101T18:00:25.493381000Z_41.73.102.130.s2c_ndttrace,0,0,a-->b,1,-1.000000,-1.000000,4,4,0,4,2,5,0.013369,5,0.877005,5,0.122995,5,0.088235
gs://m-lab/ndt/2017/01/01/20170101T000000Z-mlab1-acc02-ndt-0000.tgz,61,313,61,313,61,313,326986.313725,-1.000000,-1,0.045455,326957.274784,5,0.877005
gs://m-lab/ndt/2017/01/01/20170101T000000Z-mlab1-acc02-ndt-0000.tgz,
gs://m-lab/ndt/2017/01/01/20170101T000000Z-mlab1-acc02-ndt-0000.tgz,20170101T18:02:53.266426000Z_45.56.98.222.s2c_ndttrace,0,0,b-->a,1,0.052632,0.085714,5,5,0,6,2,5,0.082192,5,0.945205,5,0.767123,5,0.767123
gs://m-lab/ndt/2017/01/01/20170101T000000Z-mlab1-acc02-ndt-0000.tgz,38,35,38,35,38,35,26527.945705,-1.000000,-1,0.465753,26527.873837,5,0.945205
gs://m-lab/ndt/2017/01/01/20170101T000000Z-mlab1-acc02-ndt-0000.tgz,20170101T18:12:53.197934000Z_45.56.98.222.s2c_ndttrace,0,0,b-->a,1,-1.000000,-1.000000,5,5,0,4,2,4,0.111111,4,0.907407,4,0.685185,4,0.685185
gs://m-lab/ndt/2017/01/01/20170101T000000Z-mlab1-acc02-ndt-0000.tgz,26,28,26,28,26,28,14013.985743,-1.000000,-1,0.407407,13267.385426,4,0.907407
gs://m-lab/ndt/2017/01/01/20170101T000000Z-mlab1-acc02-ndt-0000.tgz,20170101T18:22:53.172543000Z_45.56.98.222.s2c_ndttrace,0,0,b-->a,1,0.041667,0.115385,5,5,0,6,2,5,0.120000,5,0.920000,5,0.700000,5,0.700000
gs://m-lab/ndt/2017/01/01/20170101T000000Z-mlab1-acc02-ndt-0000.tgz,24,26,24,26,24,26,23087.890017,-1.000000,-1,0.400000,23087.861657,5,0.920000
gs://m-lab/ndt/2017/01/01/20170101T000000Z-mlab1-acc02-ndt-0000.tgz,20170101T18:32:53.213853000Z_45.56.98.222.s2c_ndttrace,0,0,a-->b,1,0.058824,0.129032,6,6,0,6,2,5,0.107692,5,0.938462,5,0.800000,5,0.800000
gs://m-lab/ndt/2017/01/01/20170101T000000Z-mlab1-acc02-ndt-0000.tgz,34,31,34,31,34,31,34765.967835,-1.000000,-1,0.492308,25774.011959,5,0.938462
gs://m-lab/ndt/2017/01/01/20170101T000000Z-mlab1-acc02-ndt-0000.tgz,20170101T18:33:58.516530000Z_186.215.31.250.s2c_ndttrace,0,0,a-->b,1,-1.000000,-1.000000,3,3,0,4,0,1,0.058824,4,1.000000,4,0.191176,4,0.176471
gs://m-lab/ndt/2017/01/01/20170101T000000Z-mlab1-acc02-ndt-0000.tgz,4,64,4,64,4,64,21756.772390,-1.000000,-1,0.102941,21756.772390,4,1.000000
gs://m-lab/ndt/2017/01/01/20170101T000000Z-mlab1-acc02-ndt-0000.tgz,20170101T18:41:39.450788000Z_177.191.139.251.s2c_ndttrace,0,0,a-->b,1,-1.000000,-1.000000,-1,-1,1,3,2,3,0.027304,3,0.987713,3,0.159727,3,0.150171
gs://m-lab/ndt/2017/01/01/20170101T000000Z-mlab1-acc02-ndt-0000.tgz,84,1381,84,1381,84,1381,2013355.264413,-1.000000,-1,0.067577,1814018.666878,3,0.987713
gs://m-lab/ndt/2017/01/01/20170101T000000Z-mlab1-acc02-ndt-0000.tgz,20170101T18:42:53.377478000Z_45.56.98.222.s2c_ndttrace,0,0,b-->a,1,0.037037,0.081081,7,7,0,6,2,5,0.125000,5,0.968750,5,0.734375,5,0.734375
gs://m-lab/ndt/2017/01/01/20170101T000000Z-mlab1-acc02-ndt-0000.tgz,27,37,27,37,27,37,42977.841107,-1.000000,-1,0.453125,30675.189277,5,0.968750
gs://m-lab/ndt/2017/01/01/20170101T000000Z-mlab1-acc02-ndt-0000.tgz,
gs://m-lab/ndt/2017/01/01/20170101T000000Z-mlab1-acc02-ndt-0000.tgz,20170101T18:50:20.908853000Z_41.218.222.154.s2c_ndttrace,0,0,a-->b,1,-1.000000,-1.000000,-1,-1,1,3,2,4,0.015448,4,0.902163,4,0.090628,4,0.086165
gs://m-lab/ndt/2017/01/01/20170101T000000Z-mlab1-acc02-ndt-0000.tgz,345,2568,345,2568,345,2568,3440368.467635,-1.000000,-1,0.033986,1377465.184360,4,0.902163
gs://m-lab/ndt/2017/01/01/20170101T000000Z-mlab1-acc02-ndt-0000.tgz,20170101T18:52:53.257502000Z_45.56.98.222.s2c_ndttrace,0,0,b-->a,1,0.076923,0.160000,4,4,0,6,2,5,0.098039,5,0.941176,5,0.764706,5,0.764706
gs://m-lab/ndt/2017/01/01/20170101T000000Z-mlab1-acc02-ndt-0000.tgz,26,25,26,25,26,25,43089.564912,-1.000000,-1,0.470588,22828.676219,5,0.941176
gs://m-lab/ndt/2017/01/01/20170101T000000Z-mlab1-acc02-ndt-0000.tgz,
gs://m-lab/ndt/2017/01/01/20170101T000000Z-mlab1-acc02-ndt-0000.tgz,20170101T19:02:53.207040000Z_45.56.98.222.s2c_ndttrace,0,0,b-->a,1,-1.000000,-1.000000,4,4,0,4,2,4,0.081967,4,0.934426,4,0.606557,4,0.590164
gs://m-lab/ndt/2017/01/01/20170101T000000Z-mlab1-acc02-ndt-0000.tgz,25,36,25,36,25,36,23047.962307,-1.000000,-1,0.360656,22203.871441,4,0.934426
gs://m-lab/ndt/2017/01/01/20170101T000000Z-mlab1-acc02-ndt-0000.tgz,
gs://m-lab/ndt/2017/01/01/20170101T000000Z-mlab1-acc02-ndt-0000.tgz,
gs://m-lab/ndt/2017/01/01/20170101T000000Z-mlab1-acc02-ndt-0000.tgz,20170101T19:12:53.306130000Z_45.56.98.222.s2c_ndttrace,0,0,b-->a,1,0.062500,0.181818,5,5,0,6,2,5,0.157895,5,0.921053,5,0.657895,5,0.657895
gs://m-lab/ndt/2017/01/01/20170101T000000Z-mlab1-acc02-ndt-0000.tgz,16,22,16,22,16,22,20812.124734,-1.000000,-1,0.368421,20812.124734,5,0.921053
gs://m-lab/ndt/2017/01/01/20170101T000000Z-mlab1-acc02-ndt-0000.tgz,20170101T19:22:53.219644000Z_45.56.98.222.s2c_ndttrace,0,0,b-->a,1,0.090909,0.147059,7,7,0,6,2,4,0.142857,4,0.928571,4,0.625000,4,0.625000
gs://m-lab/ndt/2017/01/01/20170101T000000Z-mlab1-acc02-ndt-0000.tgz,22,34,22,34,22,34,25334.693316,-1.000000,-1,0.357143,25334.693316,4,0.928571
gs://m-lab/ndt/2017/01/01/20170101T000000Z-mlab1-acc02-ndt-0000.tgz,20170101T19:32:53.357844000Z_45.56.98.222.s2c_ndttrace,0,0,b-->a,1,0.027027,0.142857,5,5,0,6,2,5,0.092308,5,0.953846,5,0.861538,5,0.861538
gs://m-lab/ndt/2017/01/01/20170101T000000Z-mlab1-acc02-ndt-0000.tgz,37,28,37,28,37,28,29596.167207,-1.000000,-1,0.523077,21073.581552,5,0.953846
gs://m-lab/ndt/2017/01/01/20170101T000000Z-mlab1-acc02-ndt-0000.tgz,20170101T19:41:17.630347000Z_177.221.36.9.s2c_ndttrace,0,0,a-->b,1,-1.000000,-1.000000,-1,-1,0,3,2,3,0.004208,3,0.980365,3,0.070126,3,0.037868
gs://m-lab/ndt/2017/01/01/20170101T000000Z-mlab1-acc02-ndt-0000.tgz,18,695,18,695,18,695,1139311.052758,-1.000000,-1,0.007013,1139168.328328,3,0.980365
gs://m-lab/ndt/2017/01/01/20170101T000000Z-mlab1-acc02-ndt-0000.tgz,20170101T19:42:53.261384000Z_45.56.98.222.s2c_ndttrace,0,0,b-->a,1,-1.000000,-1.000000,4,4,0,4,2,4,0.102041,4,0.938776,4,0.734694,4,0.734694
gs://m-lab/ndt/2017/01/01/20170101T000000Z-mlab1-acc02-ndt-0000.tgz,24,25,24,25,24,25,15055.585419,-1.000000,-1,0.448980,15055.585419,4,0.938776
gs://m-lab/ndt/2017/01/01/20170101T000000Z-mlab1-acc02-ndt-0000.tgz,
gs://m-lab/ndt/2017/01/01/20170101T000000Z-mlab1-acc02-ndt-0000.tgz,20170101T19:52:53.257724000Z_45.56.98.222.s2c_ndttrace,0,0,b-->a,1,0.120000,0.142857,5,5,0,6,2,4,0.113208,4,0.924528,4,0.698113,4,0.698113
gs://m-lab/ndt/2017/01/01/20170101T000000Z-mlab1-acc02-ndt-0000.tgz,25,28,25,28,25,28,17988.559385,-1.000000,-1,0.415094,17988.559385,4,0.924528
gs://m-lab/ndt/2017/01/01/20170101T000000Z-mlab1-acc02-ndt-0000.tgz,
gs://m-lab/ndt/2017/01/01/20170101T000000Z-mlab1-acc02-ndt-0000.tgz,20170101T20:02:53.365407000Z_45.56.98.222.s2c_ndttrace,0,0,b-->a,1,0.054054,0.125000,5,5,0,6,2,5,0.086957,5,0.971014,5,0.855072,5,0.855072
gs://m-lab/ndt/2017/01/01/20170101T000000Z-mlab1-acc02-ndt-0000.tgz,37,32,37,32,37,32,26368.252703,-1.000000,-1,0.536232,24697.415726,5,0.971014
gs://m-lab/ndt/2017/01/01/20170101T000000Z-mlab1-acc02-ndt-0000.tgz,
gs://m-lab/ndt/2017/01/01/20170101T000000Z-mlab1-acc02-ndt-0000.tgz,20170101T20:12:53.210074000Z_45.56.98.222.s2c_ndttrace,0,0,b-->a,1,0.129032,0.076923,4,4,0,6,2,5,0.087719,5,0.929825,5,0.789474,5,0.789474
gs://m-lab/ndt/2017/01/01/20170101T000000Z-mlab1-acc02-ndt-0000.tgz,31,26,31,26,31,26,18335.876531,-1.000000,-1,0.491228,14428.342785,5,0.929825
gs://m-lab/ndt/2017/01/01/20170101T000000Z-mlab1-acc02-ndt-0000.tgz,20170101T20:14:53.664843000Z_177.223.71.210.s2c_ndttrace,0,0,a-->b,0,-1.000000,-1.000000,-1,-1,0,3,2,3,0.016722,3,0.999164,3,0.107023,3,0.102007
gs://m-lab/ndt/2017/01/01/20170101T000000Z-mlab1-acc02-ndt-0000.tgz,26,1170,26,1170,26,1170,1919255.665125,-1.000000,-1,0.035953,1919252.793596,3,0.999164
gs://m-lab/ndt/2017/01/01/20170101T000000Z-mlab1-acc02-ndt-0000.tgz,20170101T20:15:06.767197000Z_187.78.33.177.s2c_ndttrace,0,0,a-->b,1,-1.000000,-1.000000,-1,-1,0,3,2,3,0.002562,3,0.986336,3,0.055508,3,0.040137
gs://m-lab/ndt/2017/01/01/20170101T000000Z-mlab1-acc02-ndt-0000.tgz,20,1151,20,1151,20,1151,24264373.019466,-1.000000,-1,0.004270,22190022.769613,3,0.986336
gs://m-lab/ndt/2017/01/01/20170101T000000Z-mlab1-acc02-ndt-0000.tgz,20170101T20:19:03.618593000Z_177.220.252.210.s2c_ndttrace,0,0,a-->b,1,-1.000000,-1.000000,3,3,0,4,2,4,0.036697,4,0.917431,4,0.146789,4,0.146789
gs://m-lab/ndt/2017/01/01/20170101T000000Z-mlab1-acc02-ndt-0000.tgz,15,94,15,94,15,94,34447.428941,-1.000000,-1,0.100917,34447.428941,4,0.917431
gs://m-lab/ndt/2017/01/01/20170101T000000Z-mlab1-acc02-ndt-0000.tgz,20170101T20:22:53.318007000Z_45.56.98.222.s2c_ndttrace,0,0,b-->a,1,0.210526,-1.000000,6,6,0,5,2,5,0.134615,5,0.980769,5,0.634615,5,0.634615
gs://m-lab/ndt/2017/01/01/20170101T000000Z-mlab1-acc02-ndt-0000.tgz,19,33,19,33,19,33,28740.779332,-1.000000,-1,0.346154,28740.742752,5,0.980769
gs://m-lab/ndt/2017/01/01/20170101T000000Z-mlab1-acc02-ndt-0000.tgz,20170101T20:32:07.525301000Z_191.248.103.57.s2c_ndttrace,0,0,a-->b,1,-1.000000,-1.000000,-1,-1,0,3,1,2,0.001519,3,0.995950,3,0.051974,3,0.037125
gs://m-lab/ndt/2017/01/01/20170101T000000Z-mlab1-acc02-ndt-0000.tgz,58,5868,58,5868,58,5868,22678981.527708,-1.000000,-1,0.006581,22681618.479844,3,0.995950
gs://m-lab/ndt/2017/01/01/20170101T000000Z-mlab1-acc02-ndt-0000.tgz,20170101T20:32:53.367506000Z_45.56.98.222.s2c_ndttrace,0,0,b-->a,1,0.032258,0.111111,5,5,0,6,2,5,0.089552,5,0.940299,5,0.686567,5,0.686567
gs://m-lab/ndt/2017/01/01/20170101T000000Z-mlab1-acc02-ndt-0000.tgz,31,36,31,36,31,36,25722.485402,-1.000000,-1,0.417910,25722.469256,5,0.940299
gs://m-lab/ndt/2017/01/01/20170101T000000Z-mlab1-acc02-ndt-0000.tgz,
gs://m-lab/ndt/2017/01/01/20170101T000000Z-mlab1-acc02-ndt-0000.tgz,20170101T20:41:12.208872000Z_177.207.96.119.s2c_ndttrace,0,0,a-->b,1,-1.000000,-1.000000,-1,-1,0,3,2,3,0.002684,3,0.990875,3,0.056361,3,0.044552
gs://m-lab/ndt/2017/01/01/20170101T000000Z-mlab1-acc02-ndt-0000.tgz,30,1833,30,1833,30,1833,3958110.577248,-1.000000,-1,0.008052,3958110.577248,3,0.990875
gs://m-lab/ndt/2017/01/01/20170101T000000Z-mlab1-acc02-ndt-0000.tgz,20170101T20:42:53.381360000Z_45.56.98.222.s2c_ndttrace,0,0,b-->a,1,-1.000000,-1.000000,6,6,0,4,2,5,0.137255,5,0.980392,5,0.784314,5,0.784314
gs://m-lab/ndt/2017/01/01/20170101T000000Z-mlab1-acc02-ndt-0000.tgz,22,29,22,29,22,29,23382.627718,-1.000000,-1,0.490196,23382.627718,5,0.980392
gs://m-lab/ndt/2017/01/01/20170101T000000Z-mlab1-acc02-ndt-0000.tgz,
gs://m-lab/ndt/2017/01/01/20170101T000000Z-mlab1-acc02-ndt-0000.tgz,20170101T20:52:53.362123000Z_45.56.98.222.s2c_ndttrace,0,0,b-->a,1,-1.000000,-1.000000,3,3,0,4,2,4,0.085106,4,0.914894,4,0.617021,4,0.617021
gs://m-lab/ndt/2017/01/01/20170101T000000Z-mlab1-acc02-ndt-0000.tgz,21,26,21,26,21,26,16116.288581,-1.000000,-1,0.382979,16116.273536,4,0.914894
gs://m-lab/ndt/2017/01/01/20170101T000000Z-mlab1-acc02-ndt-0000.tgz,
gs://m-lab/ndt/2017/01/01/20170101T000000Z-mlab1-acc02-ndt-0000.tgz,20170101T21:02:09.248969000Z_177.23.173.20.s2c_ndttrace,0,0,a-->b,1,-1.000000,-1.000000,3,3,0,4,0,1,0.024691,6,0.987654,6,0.111111,6,0.104938
gs://m-lab/ndt/2017/01/01/20170101T000000Z-mlab1-acc02-ndt-0000.tgz,9,153,9,153,9,153,136805.721411,-1.000000,-1,0.055556,136804.900547,6,0.987654
gs://m-lab/ndt/2017/01/01/20170101T000000Z-mlab1-acc02-ndt-0000.tgz,20170101T21:02:53.321757000Z_45.56.98.222.s2c_ndttrace,0,0,b-->a,1,0.000000,0.157895,6,6,0,6,2,5,0.097222,5,0.972222,5,0.777778,5,0.777778
gs://m-lab/ndt/2017/01/01/20170101T000000Z-mlab1-acc02-ndt-0000.tgz,34,38,34,38,34,38,55942.326875,-1.000000,-1,0.486111,30761.254527,5,0.972222
gs://m-lab/ndt/2017/01/01/20170101T000000Z-mlab1-acc02-ndt-0000.tgz,20170101T21:03:26.334303000Z_177.23.173.20.s2c_ndttrace,0,0,a-->b,1,0.000000,0.012195,4,4,0,0,0,1,0.028902,0,1.000000,0,0.121387,0,0.115607
gs://m-lab/ndt/2017/01/01/20170101T000000Z-mlab1-acc02-ndt-0000.tgz,9,164,9,164,9,164,161157.734998,-1.000000,-1,0.063584,159371.924032,0,1.000000
gs://m-lab/ndt/2017/01/01/20170101T000000Z-mlab1-acc02-ndt-0000.tgz,20170101T21:12:53.443966000Z_45.56.98.222.s2c_ndttrace,0,0,b-->a,1,-1.000000,-1.000000,4,4,0,4,2,4,0.102041,4,0.938776,4,0.734694,4,0.734694
gs://m-lab/ndt/2017/01/01/20170101T000000Z-mlab1-acc02-ndt-0000.tgz,24,25,24,25,24,25,14824.861784,-1.000000,-1,0.448980,14824.861784,4,0.938776
gs://m-lab/ndt/2017/01/01/20170101T000000Z-mlab1-acc02-ndt-0000.tgz,20170101T21:13:54.845775000Z_138.94.51.251.s2c_ndttrace,0,0,a-->b,1,-1.000000,-1.000000,-1,-1,0,3,2,3,0.004395,3,0.958984,3,0.073242,3,0.054199
gs://m-lab/ndt/2017/01/01/20170101T000000Z-mlab1-acc02-ndt-0000.tgz,105,1943,105,1943,105,1943,2966097.140402,-1.000000,-1,0.012207,2965893.861069,3,0.958984
gs://m-lab/ndt/2017/01/01/20170101T000000Z-mlab1-acc02-ndt-0000.tgz,20170101T21:14:51.366798000Z_177.23.173.20.s2c_ndttrace,0,0,a-->b,1,-1.000000,-1.000000,5,5,0,4,0,1,0.059406,4,0.990099,4,0.217822,4,0.207921
gs://m-lab/ndt/2017/01/01/20170101T000000Z-mlab1-acc02-ndt-0000.tgz,9,92,9,92,9,92,53887.370344,-1.000000,-1,0.128713,53887.370344,4,0.990099
gs://m-lab/ndt/2017/01/01/20170101T000000Z-mlab1-acc02-ndt-0000.tgz,
gs://m-lab/ndt/2017/01/01/20170101T000000Z-mlab1-acc02-ndt-0000.tgz,
gs://m-lab/ndt/2017/01/01/20170101T000000Z-mlab1-acc02-ndt-0000.tgz,20170101T21:20:56.615896000Z_169.239.12.21.s2c_ndttrace,0,0,a-->b,1,-1.000000,-1.000000,-1,-1,0,3,2,3,0.007653,3,0.920918,3,0.066327,3,0.048469
gs://m-lab/ndt/2017/01/01/20170101T000000Z-mlab1-acc02-ndt-0000.tgz,34,358,34,358,34,358,1627005.626172,-1.000000,-1,0.012755,1612754.316567,3,0.920918
gs://m-lab/ndt/2017/01/01/20170101T000000Z-mlab1-acc02-ndt-0000.tgz,20170101T21:22:53.345620000Z_45.56.98.222.s2c_ndttrace,0,0,b-->a,1,0.038462,0.095238,3,3,0,6,2,5,0.085106,5,0.936170,4,0.808511,4,0.808511
gs://m-lab/ndt/2017/01/01/20170101T000000Z-mlab1-acc02-ndt-0000.tgz,26,21,26,21,26,21,21985.790359,-1.000000,-1,0.510638,15061.067589,5,0.936170
gs://m-lab/ndt/2017/01/01/20170101T000000Z-mlab1-acc02-ndt-0000.tgz,20170101T21:32:53.341908000Z_45.56.98.222.s2c_ndttrace,0,0,b-->a,1,0.103448,0.135135,8,8,0,6,2,5,0.136364,5,0.909091,5,0.666667,5,0.666667
gs://m-lab/ndt/2017/01/01/20170101T000000Z-mlab1-acc02-ndt-0000.tgz,29,37,29,37,29,37,32978.910756,-1.000000,-1,0.378788,32978.910756,5,0.909091
gs://m-lab/ndt/2017/01/01/20170101T000000Z-mlab1-acc02-ndt-0000.tgz,20170101T21:42:53.353038000Z_45.56.98.222.s2c_ndttrace,0,0,b-->a,1,0.040000,0.090909,3,3,0,6,2,4,0.085106,4,0.914894,4,0.765957,4,0.765957
gs://m-lab/ndt/2017/01/01/20170101T000000Z-mlab1-acc02-ndt-0000.tgz,25,22,25,22,25,22,24075.084169,-1.000000,-1,0.489362,14332.032292,4,0.914894
gs://m-lab/ndt/2017/01/01/20170101T000000Z-mlab1-acc02-ndt-0000.tgz,
gs://m-lab/ndt/2017/01/01/20170101T000000Z-mlab1-acc02-ndt-0000.tgz,20170101T21:52:53.290220000Z_45.56.98.222.s2c_ndttrace,0,0,b-->a,1,0.064516,0.103448,5,5,0,6,2,5,0.100000,5,0.950000,5,0.783333,5,0.783333
gs://m-lab/ndt/2017/01/01/20170101T000000Z-mlab1-acc02-ndt-0000.tgz,31,29,31,29,31,29,22855.278993,-1.000000,-1,0.466667,20163.476401,5,0.950000
gs://m-lab/ndt/2017/01/01/20170101T000000Z-mlab1-acc02-ndt-0000.tgz,20170101T22:02:53.315585000Z_45.56.98.222.s2c_ndttrace,0,0,b-->a,1,0.034483,0.062500,5,5,0,6,2,4,0.098361,4,0.918033,4,0.688525,4,0.688525
gs://m-lab/ndt/2017/01/01/20170101T000000Z-mlab1-acc02-ndt-0000.tgz,29,32,29,32,29,32,23856.485472,-1.000000,-1,0.409836,23856.344241,4,0.918033
gs://m-lab/ndt/2017/01/01/20170101T000000Z-mlab1-acc02-ndt-0000.tgz,
gs://m-lab/ndt/2017/01/01/20170101T000000Z-mlab1-acc02-ndt-0000.tgz,
gs://m-lab/ndt/2017/01/01/20170101T000000Z-mlab1-acc02-ndt-0000.tgz,20170101T22:12:53.279157000Z_45.56.98.222.s2c_ndttrace,0,0,a-->b,1,0.111111,0.166667,5,5,0,6,2,5,0.142857,5,1.000000,5,0.761905,5,0.761905
gs://m-lab/ndt/2017/01/01/20170101T000000Z-mlab1-acc02-ndt-0000.tgz,18,24,18,24,18,24,26023.298386,-1.000000,-1,0.428571,21770.967671,5,1.000000
gs://m-lab/ndt/2017/01/01/20170101T000000Z-mlab1-acc02-ndt-0000.tgz,
gs://m-lab/ndt/2017/01/01/20170101T000000Z-mlab1-acc02-ndt-0000.tgz,20170101T22:22:18.443299000Z_177.23.173.20.s2c_ndttrace,0,0,a-->b,1,-1.000000,-1.000000,-1,-1,0,3,2,3,0.004083,3,0.976407,3,0.062160,3,0.043557
gs://m-lab/ndt/2017/01/01/20170101T000000Z-mlab1-acc02-ndt-0000.tgz,79,2125,79,2125,79,2125,2707484.039689,-1.000000,-1,0.013158,2707472.372962,3,0.976407
gs://m-lab/ndt/2017/01/01/20170101T000000Z-mlab1-acc02-ndt-0000.tgz,20170101T22:22:53.298881000Z_45.56.98.222.s2c_ndttrace,0,0,b-->a,1,0.115385,0.147059,8,8,0,6,2,5,0.150000,5,0.983333,5,0.783333,5,0.783333
gs://m-lab/ndt/2017/01/01/20170101T000000Z-mlab1-acc02-ndt-0000.tgz,26,34,26,34,26,34,31636.395851,-1.000000,-1,0.466667,29292.903392,5,0.983333
gs://m-lab/ndt/2017/01/01/20170101T000000Z-mlab1-acc02-ndt-0000.tgz,20170101T22:29:44.908719000Z_177.42.182.37.s2c_ndttrace,0,0,a-->b,1,-1.000000,-1.000000,-1,-1,0,3,2,3,0.003690,3,0.991390,3,0.063346,3,0.048585
gs://m-lab/ndt/2017/01/01/20170101T000000Z-mlab1-acc02-ndt-0000.tgz,39,1587,39,1587,39,1587,2443793.899728,-1.000000,-1,0.016605,2426979.620571,3,0.991390
gs://m-lab/ndt/2017/01/01/20170101T000000Z-mlab1-acc02-ndt-0000.tgz,20170101T22:31:51.933220000Z_177.101.0.90.s2c_ndttrace,0,0,a-->b,1,0.000000,0.008197,5,5,0,0,0,1,0.046875,6,1.000000,6,0.156250,6,0.148438
gs://m-lab/ndt/2017/01/01/20170101T000000Z-mlab1-acc02-ndt-0000.tgz,6,122,6,122,6,122,131913.231342,-1.000000,-1,0.085938,131913.116789,6,1.000000
gs://m-lab/ndt/2017/01/01/20170101T000000Z-mlab1-acc02-ndt-0000.tgz,20170101T22:32:32.579013000Z_177.42.182.37.s2c_ndttrace,0,0,a-->b,1,-1.000000,-1.000000,-1,-1,0,3,2,3,0.004556,3,0.964313,3,0.089598,3,0.075171
gs://m-lab/ndt/2017/01/01/20170101T000000Z-mlab1-acc02-ndt-0000.tgz,83,1234,83,1234,83,1234,1632560.564298,-1.000000,-1,0.032650,1632560.564298,3,0.964313
gs://m-lab/ndt/2017/01/01/20170101T000000Z-mlab1-acc02-ndt-0000.tgz,20170101T22:32:53.392581000Z_45.56.98.222.s2c_ndttrace,0,0,b-->a,1,0.129032,0.146341,9,9,0,6,2,4,0.138889,4,0.958333,4,0.736111,4,0.736111
gs://m-lab/ndt/2017/01/01/20170101T000000Z-mlab1-acc02-ndt-0000.tgz,31,41,31,41,31,41,35999.196931,-1.000000,-1,0.444444,35999.196931,4,0.958333
gs://m-lab/ndt/2017/01/01/20170101T000000Z-mlab1-acc02-ndt-0000.tgz,20170101T22:39:19.843373000Z_154.70.82.36.s2c_ndttrace,0,0,a-->b,1,0.000000,0.013857,9,9,0,0,4,6,0.021739,6,0.989130,6,0.147826,6,0.123913
gs://m-lab/ndt/2017/01/01/20170101T000000Z-mlab1-acc02-ndt-0000.tgz,27,433,27,433,27,433,471232.022588,-1.000000,-1,0.063043,471231.485117,6,0.989130
gs://m-lab/ndt/2017/01/01/20170101T000000Z-mlab1-acc02-ndt-0000.tgz,20170101T22:42:53.286583000Z_45.56.98.222.s2c_ndttrace,0,0,b-->a,1,0.157895,0.214286,7,7,0,6,2,4,0.170213,4,1.000000,4,0.808511,4,0.808511
gs://m-lab/ndt/2017/01/01/20170101T000000Z-mlab1-acc02-ndt-0000.tgz,19,28,19,28,19,28,23016.979851,-1.000000,-1,0.489362,23016.979851,4,1.000000
gs://m-lab/ndt/2017/01/01/20170101T000000Z-mlab1-acc02-ndt-0000.tgz,20170101T22:48:43.736428000Z_46.246.43.177.s2c_ndttrace,0,0,a-->b,1,-1.000000,-1.000000,-1,-1,0,3,0,3,0.002411,3,1.000000,3,0.052140,3,0.037975
gs://m-lab/ndt/2017/01/01/20170101T000000Z-mlab1-acc02-ndt-0000.tgz,7,3311,7,3311,7,3311,22554089.709763,-1.000000,-1,0.004521,22554089.709763,3,1.000000
gs://m-lab/ndt/2017/01/01/20170101T000000Z-mlab1-acc02-ndt-0000.tgz,
gs://m-lab/ndt/2017/01/01/20170101T000000Z-mlab1-acc02-ndt-0000.tgz,
gs://m-lab/ndt/2017/01/01/20170101T000000Z-mlab1-acc02-ndt-0000.tgz,20170101T22:51:50.8465000Z_179.177.105.71.s2c_ndttrace,0,0,a-->b,1,-1.000000,-1.000000,-1,-1,0,3,0,3,0.002166,3,1.000000,3,0.046562,3,0.030861
gs://m-lab/ndt/2017/01/01/20170101T000000Z-mlab1-acc02-ndt-0000.tgz,7,1840,7,1840,7,1840,4630079.372385,-1.000000,-1,0.007038,4646366.139720,3,1.000000
gs://m-lab/ndt/2017/01/01/20170101T000000Z-mlab1-acc02-ndt-0000.tgz,
gs://m-lab/ndt/2017/01/01/20170101T000000Z-mlab1-acc02-ndt-0000.tgz,20170101T22:52:53.305089000Z_45.56.98.222.s2c_ndttrace,0,0,b-->a,1,-1.000000,-1.000000,3,3,0,4,2,5,0.083333,5,0.875000,5,0.479167,5,0.479167
gs://m-lab/ndt/2017/01/01/20170101T000000Z-mlab1-acc02-ndt-0000.tgz,19,29,19,29,19,29,23897.957331,-1.000000,-1,0.291667,23897.783413,5,0.875000
gs://m-lab/ndt/2017/01/01/20170101T000000Z-mlab1-acc02-ndt-0000.tgz,
gs://m-lab/ndt/2017/01/01/20170101T000000Z-mlab1-acc02-ndt-0000.tgz,20170101T23:02:53.388557000Z_45.56.98.222.s2c_ndttrace,0,0,a-->b,1,0.125000,0.250000,8,8,0,6,2,5,0.140625,5,0.937500,5,0.781250,5,0.781250
gs://m-lab/ndt/2017/01/01/20170101T000000Z-mlab1-acc02-ndt-0000.tgz,32,32,32,32,32,32,27725.328026,-1.000000,-1,0.437500,27725.244265,5,0.937500
gs://m-lab/ndt/2017/01/01/20170101T000000Z-mlab1-acc02-ndt-0000.tgz,20170101T23:12:53.445253000Z_45.56.98.222.s2c_ndttrace,0,0,b-->a,1,0.090909,0.190476,4,4,0,6,2,5,0.116279,5,0.930233,5,0.767442,5,0.767442
gs://m-lab/ndt/2017/01/01/20170101T000000Z-mlab1-acc02-ndt-0000.tgz,22,21,22,21,22,21,17266.512877,-1.000000,-1,0.465116,17266.422455,5,0.930233
gs://m-lab/ndt/2017/01/01/20170101T000000Z-mlab1-acc02-ndt-0000.tgz,20170101T23:19:31.207574000Z_191.250.232.104.s2c_ndttrace,0,0,a-->b,1,0.000000,0.001292,5,5,0,0,4,7,0.007009,6,0.940421,6,0.100467,6,0.087617
gs://m-lab/ndt/2017/01/01/20170101T000000Z-mlab1-acc02-ndt-0000.tgz,82,774,82,774,82,774,557922.442912,-1.000000,-1,0.047897,557922.442912,6,0.940421
gs://m-lab/ndt/2017/01/01/20170101T000000Z-mlab1-acc02-ndt-0000.tgz,20170101T23:22:53.397906000Z_45.56.98.222.s2c_ndttrace,0,0,b-->a,1,0.125000,0.160000,5,5,0,6,2,5,0.122449,5,0.959184,5,0.775510,5,0.775510
gs://m-lab/ndt/2017/01/01/20170101T000000Z-mlab1-acc02-ndt-0000.tgz,24,25,24,25,24,25,24722.377444,-1.000000,-1,0.448980,19343.724363,5,0.959184
gs://m-lab/ndt/2017/01/01/20170101T000000Z-mlab1-acc02-ndt-0000.tgz,20170101T23:32:53.431453000Z_45.56.98.222.s2c_ndttrace,0,0,b-->a,1,-1.000000,-1.000000,9,9,0,4,2,5,0.136986,5,0.945205,5,0.643836,5,0.643836
gs://m-lab/ndt/2017/01/01/20170101T000000Z-mlab1-acc02-ndt-0000.tgz,29,44,29,44,29,44,43596.049548,-1.000000,-1,0.356164,43595.896831,5,0.945205
gs://m-lab/ndt/2017/01/01/20170101T000000Z-mlab1-acc02-ndt-0000.tgz,20170101T23:35:29.955695000Z_191.250.80.181.s2c_ndttrace,0,0,a-->b,1,-1.000000,-1.000000,-1,-1,1,3,2,3,0.007380,3,1.000000,3,0.060701,3,0.048708
gs://m-lab/ndt/2017/01/01/20170101T000000Z-mlab1-acc02-ndt-0000.tgz,65,5355,65,5355,65,5355,11581619.294614,-1.000000,-1,0.017897,11574288.516537,3,1.000000
gs://m-lab/ndt/2017/01/01/20170101T000000Z-mlab1-acc02-ndt-0000.tgz,20170101T23:40:57.381189000Z_177.36.14.221.s2c_ndttrace,0,0,a-->b,1,-1.000000,-1.000000,8,8,0,4,2,4,0.033210,4,0.988930,4,0.151292,4,0.132841
gs://m-lab/ndt/2017/01/01/20170101T000000Z-mlab1-acc02-ndt-0000.tgz,17,254,17,254,17,254,246531.871380,-1.000000,-1,0.084871,246531.871380,4,0.988930
gs://m-lab/ndt/2017/01/01/20170101T000000Z-mlab1-acc02-ndt-0000.tgz,20170101T23:42:53.276233000Z_45.56.98.222.s2c_ndttrace,0,0,b-->a,1,0.038462,0.090909,3,3,0,6,2,5,0.083333,5,0.937500,5,0.791667,5,0.791667
gs://m-lab/ndt/2017/01/01/20170101T000000Z-mlab1-acc02-ndt-0000.tgz,26,22,26,22,26,22,20774.950598,-1.000000,-1,0.500000,13903.259972,5,0.937500
gs://m-lab/ndt/2017/01/01/20170101T000000Z-mlab1-acc02-ndt-0000.tgz,
gs://m-lab/ndt/2017/01/01/20170101T000000Z-mlab1-acc02-ndt-0000.tgz,20170101T23:52:53.383825000Z_45.56.98.222.s2c_ndttrace,0,0,b-->a,1,0.064516,0.108108,6,6,0,6,2,5,0.102941,5,0.941176,5,0.705882,5,0.705882
gs://m-lab/ndt/2017/01/01/20170101T000000Z-mlab1-acc02-ndt-0000.tgz,31,37,31,37,31,37,37129.806192,-1.000000,-1,0.426471,28259.621408,5,0.941176
gs://m-lab/ndt/2017/01/01/20170101T000000Z-mlab1-acc02-ndt-0000.tgz,
